,Irrigation,Drainage,Soil evap.,Transpiration,Yield,N leaching
Rain (E11),-0.5303703155825975,5.397901298370511,0.601155283341003,0.641174527788374,0.8439840752267623,-0.12901172187624274
"Temperature °C (E11, semi-el.)",0.09300878615059344,-0.569384459095126,-0.0010796565062886946,-0.004613222242145573,-0.33283379308245725,0.3376598246235895
Soil evap. factor (E11),0.46713978086859226,-2.1088019485648584,0.21420149967309088,-0.3338558020558813,-0.6456709006013591,0.3848665817352046
Trigger suction (E12),-0.18332446703397612,-0.45530652914950426,0.0184453464172665,-0.045450326789448436,-0.05933846654275517,0.22766563874849716
Sensor depth (E12),0.0216172826616791,0.03779631499776648,-0.03777776022186358,0.02697300026280533,0.024063549366368866,0.01195203877953108
Mulch vapour factor (E14),0.1348649028165931,-0.3368391772896948,0.7735369560830289,-0.029045420911968444,-0.03589047899984363,0.15779787456750444
Interception cap. (E14),0.037457566926043226,-0.12152628363604025,-0.2509140082172415,-0.005240587413817161,-0.00798142399416254,0.021569161211922823
Amount/event (E10),0.13864903354379352,0.08432998465597999,0.07053165484398678,0.05976812712367392,0.10862655326378862,-0.10625071303160101
Rooting depth (E15),-0.01782867004942971,-0.16015211908368937,-0.002151575589818551,0.03479942964964516,0.04010200087695049,-0.3588219944560411
N rate (E13),0.014649065801578109,-0.016232647592396066,-0.01468537354828593,0.03055075968551972,0.3876925885942097,0.8034836479620081
