soil,h_star,f_at_300
S01_CoarseLoam,-387.2705183398962,0.37954083627419816
S02_CoarseSand,-261.9469382921047,0.496435171676824
S03_Sand,-142.75136269543682,0.8421776047650582
S04_LoamySand,-159.52079225769836,0.7556838025639507
S05_SandyLoam,-195.39511496688309,0.6274215989371061
S06_Loam,-284.28285226926397,0.46782006313509944
S07_SiltLoam,-400.6460207864357,0.36647217525091186
S08_SandyClayLoam,-311.34689047481544,0.43849538347290445
S09_ClayLoam,-503.02954232816705,0.31444976812540204
S10_SiltyClayLoam,-729.11897522333,0.2372675111604989
