experiment,run_id,soil,treatment,status,n_years,first_harvest,last_harvest,yield_Mg_ha,water_stress_d,N_stress_d,rain_mm,irrigation_mm,irrigation_events,drainage_1m_mm,ET_mm,canopy_evap_mm,soil_evap_mm,transpiration_mm,N_fertiliser_kg_ha,N_uptake_kg_ha,N_leached_kg_ha,IE_kg_m3,IWUE_kg_m3,DPF,PFPn_kg_kg,NLF,h_max_cm,rainfed_partner,failed,exp,soil_lab,soil_i,P,trig,z,dose_mm,dur_h,amt_mm,vff,cap,dT,Ep,Nrate,root,tc,till,water,method,intensity,window,wstrat,e6strat,case,ET,other_evap_mm,E_share,WP_ET,pareto
E10_Amount_Timing_Soil,E10_S01_CoarseLoam_A10mm_T06_Apr1-Jun1,S01_CoarseLoam,A10mm_T06_Apr1-Jun1,ok,20,1980,1999,5.918,5.88,0.0,464.384,112.495,225,7.785,575.513,72.516,169.339,226.072,229.0,315.21,31.03,5.261,2.952,0.0135,25.84,0.1355,8.55,E0_S01_CoarseLoam_Rainfed,False,E10,Coarse Loam,0,,,,,,10.0,,,,,,,,,,,,T06_Apr1-Jun1,,,,575.513,107.58600000000001,0.6071817665282974,1.0282999688973142,True
E10_Amount_Timing_Soil,E10_S01_CoarseLoam_A15mm_T06_Apr1-Jun1,S01_CoarseLoam,A15mm_T06_Apr1-Jun1,ok,20,1980,1999,5.99,5.517,0.0,464.384,117.75,157,8.795,579.42,73.442,171.447,228.397,229.0,318.864,29.776,5.087,2.881,0.0151,26.16,0.13,8.55,E0_S01_CoarseLoam_Rainfed,False,E10,Coarse Loam,0,,,,,,15.0,,,,,,,,,,,,T06_Apr1-Jun1,,,,579.42,106.13399999999996,0.6058178868523696,1.033792413102758,True
E10_Amount_Timing_Soil,E10_S01_CoarseLoam_A1mm_T06_Apr1-Jun1,S01_CoarseLoam,A1mm_T06_Apr1-Jun1,ok,20,1980,1999,3.417,21.402,0.043,464.384,43.782,876,5.937,510.481,69.136,147.039,173.096,229.0,219.808,94.613,7.804,1.872,0.0117,14.92,0.4132,8.57,E0_S01_CoarseLoam_Rainfed,False,E10,Coarse Loam,0,,,,,,1.0,,,,,,,,,,,,T06_Apr1-Jun1,,,,510.481,121.21000000000004,0.6609158812962677,0.6693686934479443,True
E10_Amount_Timing_Soil,E10_S01_CoarseLoam_A1mm_T07_Apr1-Jul1,S01_CoarseLoam,A1mm_T07_Apr1-Jul1,ok,20,1980,1999,4.004,16.575,0.008,464.384,72.471,1450,6.208,538.591,69.727,152.366,182.307,229.0,239.34,81.399,5.525,1.941,0.0116,17.48,0.3555,8.57,E0_S01_CoarseLoam_Rainfed,False,E10,Coarse Loam,0,,,,,,1.0,,,,,,,,,,,,T07_Apr1-Jul1,,,,538.591,134.19100000000006,0.661511239511986,0.7434212602884192,True
E10_Amount_Timing_Soil,E10_S01_CoarseLoam_A20mm_T06_Apr1-Jun1,S01_CoarseLoam,A20mm_T06_Apr1-Jun1,ok,20,1980,1999,5.985,4.983,0.0,464.384,118.002,118,8.691,579.602,72.686,172.651,228.128,229.0,317.487,30.142,5.072,2.871,0.0149,26.13,0.1316,8.55,E0_S01_CoarseLoam_Rainfed,False,E10,Coarse Loam,0,,,,,,20.0,,,,,,,,,,,,T06_Apr1-Jun1,,,,579.602,106.13699999999994,0.6064057749973257,1.0326051324874657,True
E10_Amount_Timing_Soil,E10_S01_CoarseLoam_A2mm_T06_Apr1-Jun1,S01_CoarseLoam,A2mm_T06_Apr1-Jun1,ok,20,1980,1999,4.874,12.35,0.037,464.384,81.016,810,6.499,546.952,70.324,154.791,203.869,229.0,274.201,55.802,6.017,2.811,0.0119,21.29,0.2437,8.56,E0_S01_CoarseLoam_Rainfed,False,E10,Coarse Loam,0,,,,,,2.0,,,,,,,,,,,,T06_Apr1-Jun1,,,,546.952,117.96799999999999,0.6272634527344264,0.8911202445552808,True
E10_Amount_Timing_Soil,E10_S01_CoarseLoam_A2mm_T07_Apr1-Jul1,S01_CoarseLoam,A2mm_T07_Apr1-Jul1,ok,20,1980,1999,6.002,4.112,0.0,464.384,128.726,1287,7.822,590.303,72.592,166.639,218.435,229.0,316.733,27.247,4.663,2.645,0.0132,26.21,0.119,8.55,E0_S01_CoarseLoam_Rainfed,False,E10,Coarse Loam,0,,,,,,2.0,,,,,,,,,,,,T07_Apr1-Jul1,,,,590.303,132.637,0.6299612233039642,1.0167659659530783,True
E10_Amount_Timing_Soil,E10_S01_CoarseLoam_A30mm_T06_Apr1-Jun1,S01_CoarseLoam,A30mm_T06_Apr1-Jun1,ok,20,1980,1999,6.098,5.068,0.0,464.384,123.0,82,8.743,584.531,74.687,173.711,231.427,229.0,324.422,25.752,4.958,2.846,0.0149,26.63,0.1125,8.55,E0_S01_CoarseLoam_Rainfed,False,E10,Coarse Loam,0,,,,,,30.0,,,,,,,,,,,,T06_Apr1-Jun1,,,,584.531,104.70599999999993,0.6040808785162806,1.0432295293149552,True
E10_Amount_Timing_Soil,E10_S01_CoarseLoam_A3mm_T06_Apr1-Jun1,S01_CoarseLoam,A3mm_T06_Apr1-Jun1,ok,20,1980,1999,5.631,7.824,0.031,464.384,101.1,674,7.014,565.676,71.459,160.727,218.296,229.0,303.52,36.279,5.57,3.001,0.0124,24.59,0.1584,8.56,E0_S01_CoarseLoam_Rainfed,False,E10,Coarse Loam,0,,,,,,3.0,,,,,,,,,,,,T06_Apr1-Jun1,,,,565.676,115.19400000000002,0.6140971156633833,0.9954461564570531,True
E10_Amount_Timing_Soil,E10_S01_CoarseLoam_A4mm_T06_Apr1-Jun1,S01_CoarseLoam,A4mm_T06_Apr1-Jun1,ok,20,1980,1999,5.768,6.84,0.023,464.384,107.389,537,7.678,570.639,71.747,164.996,221.145,229.0,308.523,33.889,5.371,2.953,0.0134,25.19,0.148,8.56,E0_S01_CoarseLoam_Rainfed,False,E10,Coarse Loam,0,,,,,,4.0,,,,,,,,,,,,T06_Apr1-Jun1,,,,570.639,112.75099999999995,0.6124607676657221,1.0107966682964185,True
E10_Amount_Timing_Soil,E10_S01_CoarseLoam_A6mm_T06_Apr1-Jun1,S01_CoarseLoam,A6mm_T06_Apr1-Jun1,ok,20,1980,1999,5.857,6.334,0.005,464.384,110.4,368,7.934,573.104,72.109,167.951,223.228,229.0,312.686,31.472,5.305,2.953,0.0138,25.58,0.1374,8.55,E0_S01_CoarseLoam_Rainfed,False,E10,Coarse Loam,0,,,,,,6.0,,,,,,,,,,,,T06_Apr1-Jun1,,,,573.104,109.81600000000009,0.6104930344230716,1.0219785588654065,True
E10_Amount_Timing_Soil,E10_S01_CoarseLoam_A8mm_T06_Apr1-Jun1,S01_CoarseLoam,A8mm_T06_Apr1-Jun1,ok,20,1980,1999,5.907,5.887,0.009,464.384,112.406,281,7.768,575.668,72.335,168.761,225.625,229.0,315.548,30.56,5.255,2.945,0.0135,25.8,0.1334,8.56,E0_S01_CoarseLoam_Rainfed,False,E10,Coarse Loam,0,,,,,,8.0,,,,,,,,,,,,T06_Apr1-Jun1,,,,575.668,108.947,0.6080640230132646,1.0261122730462697,True
E10_Amount_Timing_Soil,E10_S07_SiltLoam_A1mm_T06_Apr1-Jun1,S07_SiltLoam,A1mm_T06_Apr1-Jun1,ok,20,1980,1999,3.801,20.854,0.0,464.384,51.529,1031,10.703,515.528,74.755,133.79,187.95,229.0,237.943,63.871,7.377,1.919,0.0207,16.6,0.2789,-8.53,E0_S07_SiltLoam_Rainfed,False,E10,Silt Loam,6,,,,,,1.0,,,,,,,,,,,,T06_Apr1-Jun1,,,,515.528,119.03300000000007,0.6354223242966435,0.7373023385732684,True
E10_Amount_Timing_Soil,E10_S07_SiltLoam_A2mm_T06_Apr1-Jun1,S07_SiltLoam,A2mm_T06_Apr1-Jun1,ok,20,1980,1999,5.322,11.254,0.0,464.384,95.219,952,13.619,556.08,77.306,141.363,221.152,229.0,307.19,20.802,5.59,2.636,0.0243,23.24,0.0908,-8.52,E0_S07_SiltLoam_Rainfed,False,E10,Silt Loam,6,,,,,,2.0,,,,,,,,,,,,T06_Apr1-Jun1,,,,556.08,116.25900000000007,0.602301827075241,0.9570565386275356,True
E10_Amount_Timing_Soil,E10_S09_ClayLoam_A1mm_T06_Apr1-Jun1,S09_ClayLoam,A1mm_T06_Apr1-Jun1,ok,20,1980,1999,3.718,21.195,0.0,464.384,51.379,1028,14.221,513.423,76.307,130.145,189.177,229.0,239.639,53.981,7.237,1.84,0.0276,16.24,0.2357,-0.06,E0_S09_ClayLoam_Rainfed,False,E10,Clay Loam,8,,,,,,1.0,,,,,,,,,,,,T06_Apr1-Jun1,,,,513.423,117.79400000000001,0.6315377378886415,0.7241592215385755,True
E10_Amount_Timing_Soil,E10_S09_ClayLoam_A2mm_T06_Apr1-Jun1,S09_ClayLoam,A2mm_T06_Apr1-Jun1,ok,20,1980,1999,5.262,11.664,0.0,464.384,94.919,949,16.874,553.63,78.432,136.984,222.073,229.0,305.067,11.246,5.544,2.623,0.0302,22.98,0.0491,-0.06,E0_S09_ClayLoam_Rainfed,False,E10,Clay Loam,8,,,,,,2.0,,,,,,,,,,,,T06_Apr1-Jun1,,,,553.63,116.14099999999993,0.5988783122301898,0.9504542745154706,True
E10_Amount_Timing_Soil,E10_S10_SiltyClayLoam_A10mm_T06_Apr1-Jun1,S10_SiltyClayLoam,A10mm_T06_Apr1-Jun1,ok,20,1980,1999,6.33,3.646,0.0,464.384,139.994,280,19.244,594.435,81.738,159.799,247.623,229.0,292.586,1.229,4.521,2.557,0.0318,27.64,0.0054,6.35,E0_S10_SiltyClayLoam_Rainfed,False,E10,Silty Clay Loam,9,,,,,,10.0,,,,,,,,,,,,T06_Apr1-Jun1,,,,594.435,105.27499999999992,0.5834313255444246,1.0648767316863914,True
E10_Amount_Timing_Soil,E10_S10_SiltyClayLoam_A10mm_T09_Jun1-Aug15,S10_SiltyClayLoam,A10mm_T09_Jun1-Aug15,ok,20,1980,1999,6.24,1.716,1.768,464.384,201.992,404,31.72,646.94,82.877,205.18,241.766,229.0,278.038,0.355,3.089,1.728,0.0476,27.25,0.0015,6.32,E0_S10_SiltyClayLoam_Rainfed,False,E10,Silty Clay Loam,9,,,,,,10.0,,,,,,,,,,,,T09_Jun1-Aug15,,,,646.94,117.1170000000001,0.6262930101709587,0.9645407611215877,True
E10_Amount_Timing_Soil,E10_S10_SiltyClayLoam_A15mm_T05_Jun1-Oct1,S10_SiltyClayLoam,A15mm_T05_Jun1-Oct1,ok,20,1980,1999,6.314,0.533,2.735,464.384,231.75,309,43.68,665.146,83.626,226.102,242.061,229.0,272.133,0.194,2.724,1.538,0.0627,27.57,0.0008,6.27,E0_S10_SiltyClayLoam_Rainfed,False,E10,Silty Clay Loam,9,,,,,,15.0,,,,,,,,,,,,T05_Jun1-Oct1,,,,665.146,113.357,0.6360783948185811,0.9492652740901999,True
E10_Amount_Timing_Soil,E10_S10_SiltyClayLoam_A15mm_T06_Apr1-Jun1,S10_SiltyClayLoam,A15mm_T06_Apr1-Jun1,ok,20,1980,1999,6.337,3.545,0.003,464.384,141.0,188,19.415,594.811,81.616,160.663,248.228,229.0,290.279,1.16,4.495,2.544,0.0321,27.67,0.0051,6.29,E0_S10_SiltyClayLoam_Rainfed,False,E10,Silty Clay Loam,9,,,,,,15.0,,,,,,,,,,,,T06_Apr1-Jun1,,,,594.811,104.30400000000003,0.5826775227761423,1.0653804317674016,True
E10_Amount_Timing_Soil,E10_S10_SiltyClayLoam_A1mm_T06_Apr1-Jun1,S10_SiltyClayLoam,A1mm_T06_Apr1-Jun1,ok,20,1980,1999,3.791,20.65,0.0,464.384,54.628,1093,9.415,518.503,76.624,130.385,189.522,229.0,250.065,24.969,6.939,1.905,0.0181,16.55,0.109,5.7,E0_S10_SiltyClayLoam_Rainfed,False,E10,Silty Clay Loam,9,,,,,,1.0,,,,,,,,,,,,T06_Apr1-Jun1,,,,518.503,121.97200000000004,0.6344823462930784,0.7311433106462257,True
E10_Amount_Timing_Soil,E10_S10_SiltyClayLoam_A1mm_T07_Apr1-Jul1,S10_SiltyClayLoam,A1mm_T07_Apr1-Jul1,ok,20,1980,1999,4.475,15.896,0.043,464.384,84.366,1688,10.375,547.566,77.676,134.789,200.641,229.0,272.751,11.71,5.305,2.045,0.0189,19.54,0.0511,6.16,E0_S10_SiltyClayLoam_Rainfed,False,E10,Silty Clay Loam,9,,,,,,1.0,,,,,,,,,,,,T07_Apr1-Jul1,,,,547.566,134.46000000000006,0.6335765916802724,0.8172530799940099,True
E10_Amount_Timing_Soil,E10_S10_SiltyClayLoam_A20mm_T05_Jun1-Oct1,S10_SiltyClayLoam,A20mm_T05_Jun1-Oct1,ok,20,1980,1999,6.309,0.472,3.175,464.384,235.005,235,48.695,661.14,83.372,223.383,242.232,229.0,269.377,0.168,2.685,1.514,0.0696,27.55,0.0007,6.25,E0_S10_SiltyClayLoam_Rainfed,False,E10,Silty Clay Loam,9,,,,,,20.0,,,,,,,,,,,,T05_Jun1-Oct1,,,,661.14,112.15299999999999,0.6336146655776387,0.9542608222161721,True
E10_Amount_Timing_Soil,E10_S10_SiltyClayLoam_A20mm_T06_Apr1-Jun1,S10_SiltyClayLoam,A20mm_T06_Apr1-Jun1,ok,20,1980,1999,6.376,3.003,0.06,464.384,148.003,148,21.013,598.654,82.534,162.177,250.282,229.0,285.072,1.005,4.308,2.45,0.0343,27.84,0.0044,6.29,E0_S10_SiltyClayLoam_Rainfed,False,E10,Silty Clay Loam,9,,,,,,20.0,,,,,,,,,,,,T06_Apr1-Jun1,,,,598.654,103.66099999999997,0.5819254527657044,1.065055942163587,True
E10_Amount_Timing_Soil,E10_S10_SiltyClayLoam_A20mm_T09_Jun1-Aug15,S10_SiltyClayLoam,A20mm_T09_Jun1-Aug15,ok,20,1980,1999,6.259,1.26,2.26,464.384,209.004,209,37.214,645.697,82.977,209.209,243.406,229.0,275.508,0.268,2.995,1.679,0.0553,27.33,0.0012,6.27,E0_S10_SiltyClayLoam_Rainfed,False,E10,Silty Clay Loam,9,,,,,,20.0,,,,,,,,,,,,T09_Jun1-Aug15,,,,645.697,110.10500000000002,0.623033713955617,0.969340108440956,True
E10_Amount_Timing_Soil,E10_S10_SiltyClayLoam_A2mm_T06_Apr1-Jun1,S10_SiltyClayLoam,A2mm_T06_Apr1-Jun1,ok,20,1980,1999,5.462,10.176,0.123,464.384,100.32,1003,11.806,562.293,78.658,141.528,225.338,229.0,294.874,2.61,5.445,2.703,0.0209,23.85,0.0114,6.47,E0_S10_SiltyClayLoam_Rainfed,False,E10,Silty Clay Loam,9,,,,,,2.0,,,,,,,,,,,,T06_Apr1-Jun1,,,,562.293,116.76899999999998,0.5992516357130535,0.9713796899481231,True
E10_Amount_Timing_Soil,E10_S10_SiltyClayLoam_A2mm_T07_Apr1-Jul1,S10_SiltyClayLoam,A2mm_T07_Apr1-Jul1,ok,20,1980,1999,6.476,2.502,0.001,464.384,152.731,1527,17.999,607.71,82.124,152.258,243.827,229.0,297.084,1.25,4.24,2.439,0.0292,28.28,0.0055,6.18,E0_S10_SiltyClayLoam_Rainfed,False,E10,Silty Clay Loam,9,,,,,,2.0,,,,,,,,,,,,T07_Apr1-Jul1,,,,607.71,129.50099999999998,0.5987773773674944,1.0656398611179674,True
E10_Amount_Timing_Soil,E10_S10_SiltyClayLoam_A3mm_T06_Apr1-Jun1,S10_SiltyClayLoam,A3mm_T06_Apr1-Jun1,ok,20,1980,1999,6.189,5.11,0.0,464.384,128.25,855,15.796,586.384,80.818,148.656,242.704,229.0,297.149,1.526,4.826,2.681,0.0267,27.03,0.0067,6.07,E0_S10_SiltyClayLoam_Rainfed,False,E10,Silty Clay Loam,9,,,,,,3.0,,,,,,,,,,,,T06_Apr1-Jun1,,,,586.384,114.20600000000002,0.5861005757319435,1.0554517176457747,True
E10_Amount_Timing_Soil,E10_S10_SiltyClayLoam_A3mm_T08_May1-Jul15,S10_SiltyClayLoam,A3mm_T08_May1-Jul15,ok,20,1980,1999,6.48,0.935,0.681,464.384,188.55,1257,24.052,633.363,83.115,167.832,240.702,229.0,291.815,0.932,3.437,1.978,0.0368,28.3,0.0041,22.68,E0_S10_SiltyClayLoam_Rainfed,False,E10,Silty Clay Loam,9,,,,,,3.0,,,,,,,,,,,,T08_May1-Jul15,,,,633.363,141.71400000000006,0.6199620123057394,1.0231099701119262,True
E10_Amount_Timing_Soil,E10_S10_SiltyClayLoam_A4mm_T05_Jun1-Oct1,S10_SiltyClayLoam,A4mm_T05_Jun1-Oct1,ok,20,1980,1999,6.203,1.489,1.789,464.384,233.377,1167,31.834,679.235,83.158,202.518,238.398,229.0,279.704,0.314,2.658,1.479,0.0456,27.09,0.0014,6.21,E0_S10_SiltyClayLoam_Rainfed,False,E10,Silty Clay Loam,9,,,,,,4.0,,,,,,,,,,,,T05_Jun1-Oct1,,,,679.235,155.16099999999997,0.6490198532172223,0.9132332697814453,True
E10_Amount_Timing_Soil,E10_S10_SiltyClayLoam_A4mm_T06_Apr1-Jun1,S10_SiltyClayLoam,A4mm_T06_Apr1-Jun1,ok,20,1980,1999,6.256,4.356,0.0,464.384,134.586,673,17.716,590.622,81.393,153.179,245.085,229.0,295.628,1.396,4.648,2.605,0.0296,27.32,0.0061,156.98,E0_S10_SiltyClayLoam_Rainfed,False,E10,Silty Clay Loam,9,,,,,,4.0,,,,,,,,,,,,T06_Apr1-Jun1,,,,590.622,110.96499999999995,0.5850391621036806,1.0592223113937511,True
E10_Amount_Timing_Soil,E10_S10_SiltyClayLoam_A6mm_T06_Apr1-Jun1,S10_SiltyClayLoam,A6mm_T06_Apr1-Jun1,ok,20,1980,1999,6.3,3.878,0.0,464.384,137.1,457,18.04,592.668,81.641,156.409,246.745,229.0,294.923,1.321,4.595,2.589,0.03,27.51,0.0058,6.22,E0_S10_SiltyClayLoam_Rainfed,False,E10,Silty Clay Loam,9,,,,,,6.0,,,,,,,,,,,,T06_Apr1-Jun1,,,,592.668,107.87299999999999,0.5836707903919226,1.0629897345562778,True
E10_Amount_Timing_Soil,E10_S10_SiltyClayLoam_A6mm_T09_Jun1-Aug15,S10_SiltyClayLoam,A6mm_T09_Jun1-Aug15,ok,20,1980,1999,6.206,2.227,1.242,464.384,201.0,670,28.904,648.516,82.761,197.074,239.509,229.0,280.968,0.436,3.087,1.719,0.0434,27.1,0.0019,6.13,E0_S10_SiltyClayLoam_Rainfed,False,E10,Silty Clay Loam,9,,,,,,6.0,,,,,,,,,,,,T09_Jun1-Aug15,,,,648.516,129.172,0.6306814326863177,0.9569540304325568,True
E10_Amount_Timing_Soil,E10_S10_SiltyClayLoam_A8mm_T06_Apr1-Jun1,S10_SiltyClayLoam,A8mm_T06_Apr1-Jun1,ok,20,1980,1999,6.317,3.714,0.0,464.384,140.007,350,18.955,594.329,81.806,158.748,247.261,229.0,292.882,1.28,4.512,2.547,0.0314,27.59,0.0056,6.35,E0_S10_SiltyClayLoam_Rainfed,False,E10,Silty Clay Loam,9,,,,,,8.0,,,,,,,,,,,,T06_Apr1-Jun1,,,,594.329,106.51399999999992,0.5839661197754106,1.0628793143191735,True
E10_Amount_Timing_Soil,E10_S10_SiltyClayLoam_A8mm_T09_Jun1-Aug15,S10_SiltyClayLoam,A8mm_T09_Jun1-Aug15,ok,20,1980,1999,6.227,1.858,1.6,464.384,201.21,503,30.925,646.725,82.842,201.277,241.141,229.0,279.403,0.422,3.095,1.728,0.0465,27.19,0.0018,9.85,E0_S10_SiltyClayLoam_Rainfed,False,E10,Silty Clay Loam,9,,,,,,8.0,,,,,,,,,,,,T09_Jun1-Aug15,,,,646.725,121.46500000000006,0.6271351811047973,0.962851289187831,True
E11_Temp_Evap_Rain,E11_S01_CoarseLoam_dT-0.5_Ep0.3_P0.5,S01_CoarseLoam,dT-0.5_Ep0.3_P0.5,ok,20,1980,1999,6.526,0.801,0.114,232.192,276.6,2305,2.51,511.269,55.446,93.343,224.653,229.0,351.516,8.598,2.359,,0.0049,28.5,0.0375,-6.03,,False,E11,Coarse Loam,0,0.5,,,,,,,,-0.5,0.3,,,,,,,,,,,,511.269,137.82699999999997,0.5605972589771725,1.2764317805304055,True
E11_Temp_Evap_Rain,E11_S01_CoarseLoam_dT-0.5_Ep0.3_P1.1,S01_CoarseLoam,dT-0.5_Ep0.3_P1.1,ok,20,1980,1999,6.735,0.0,0.0,510.822,118.08,984,109.736,516.482,83.59,126.714,202.533,229.0,340.606,18.992,5.704,,0.1745,29.41,0.0829,8.56,,False,E11,Coarse Loam,0,1.1,,,,,,,,-0.5,0.3,,,,,,,,,,,,516.482,103.64499999999995,0.6078604869095148,1.3040144671063076,True
E11_Temp_Evap_Rain,E11_S01_CoarseLoam_dT-0.5_Ep0.3_P1.2,S01_CoarseLoam,dT-0.5_Ep0.3_P1.2,ok,20,1980,1999,6.732,0.0,0.0,557.26,105.36,878,142.66,516.299,86.398,129.389,199.059,229.0,333.787,20.863,6.39,,0.2153,29.4,0.0911,9.3,,False,E11,Coarse Loam,0,1.2,,,,,,,,-0.5,0.3,,,,,,,,,,,,516.299,101.45299999999995,0.6144501538836992,1.3038956108766433,True
E11_Temp_Evap_Rain,E11_S01_CoarseLoam_dT-0.5_Ep0.3_P1.3,S01_CoarseLoam,dT-0.5_Ep0.3_P1.3,ok,20,1980,1999,6.731,0.0,0.031,603.699,94.56,788,176.0,517.169,88.894,132.52,195.993,229.0,328.569,22.235,7.118,,0.2521,29.39,0.0971,9.34,,False,E11,Coarse Loam,0,1.3,,,,,,,,-0.5,0.3,,,,,,,,,,,,517.169,99.762,0.621027169068525,1.3015087911301721,True
E11_Temp_Evap_Rain,E11_S01_CoarseLoam_dT-1_Ep0.3_P0.5,S01_CoarseLoam,dT-1_Ep0.3_P0.5,ok,20,1980,1999,6.783,0.52,0.089,232.192,255.36,2128,3.774,485.405,54.539,90.819,216.165,229.0,360.506,3.801,2.656,,0.0077,29.62,0.0166,-4.52,,False,E11,Coarse Loam,0,0.5,,,,,,,,-1.0,0.3,,,,,,,,,,,,485.405,123.88199999999998,0.5546708418743111,1.3973898085104193,True
E11_Temp_Evap_Rain,E11_S01_CoarseLoam_dT-1_Ep0.3_P1,S01_CoarseLoam,dT-1_Ep0.3_P1,ok,20,1980,1999,6.867,0.0,0.0,464.384,120.84,1007,94.833,487.964,78.559,116.144,196.3,229.0,342.952,15.8,5.683,,0.162,29.99,0.069,8.72,,False,E11,Coarse Loam,0,1.0,,,,,,,,-1.0,0.3,,,,,,,,,,,,487.964,96.96099999999996,0.5977162249674156,1.4072759465862235,True
E11_Temp_Evap_Rain,E11_S01_CoarseLoam_dT-1_Ep0.3_P1.1,S01_CoarseLoam,dT-1_Ep0.3_P1.1,ok,20,1980,1999,6.867,0.0,0.0,510.822,108.0,900,127.962,487.533,81.712,118.147,192.929,229.0,336.264,18.223,6.359,,0.2068,29.99,0.0796,8.76,,False,E11,Coarse Loam,0,1.1,,,,,,,,-1.0,0.3,,,,,,,,,,,,487.533,94.74500000000003,0.6042749926671631,1.408520038643538,True
E11_Temp_Evap_Rain,E11_S01_CoarseLoam_dT-1_Ep0.3_P1.2,S01_CoarseLoam,dT-1_Ep0.3_P1.2,ok,20,1980,1999,6.87,0.0,0.011,557.26,96.6,805,161.513,487.855,84.368,120.587,189.719,229.0,330.548,19.375,7.112,,0.247,30.0,0.0846,9.19,,False,E11,Coarse Loam,0,1.2,,,,,,,,-1.0,0.3,,,,,,,,,,,,487.855,93.18100000000004,0.6111160078301955,1.4082053069047156,True
E11_Temp_Evap_Rain,E11_S01_CoarseLoam_dT-1_Ep0.4_P0.5,S01_CoarseLoam,dT-1_Ep0.4_P0.5,ok,20,1980,1999,6.755,1.013,0.151,232.192,295.32,2461,2.307,529.56,55.132,97.43,225.727,229.0,359.681,3.377,2.287,,0.0044,29.5,0.0147,-6.28,,False,E11,Coarse Loam,0,0.5,,,,,,,,-1.0,0.4,,,,,,,,,,,,529.56,151.27099999999993,0.5737461288616965,1.2755872800060428,True
E11_Temp_Evap_Rain,E11_S01_CoarseLoam_dT-1_Ep0.4_P1.1,S01_CoarseLoam,dT-1_Ep0.4_P1.1,ok,20,1980,1999,6.867,0.064,0.0,510.822,122.64,1022,101.441,529.042,82.923,135.935,199.895,229.0,341.495,16.848,5.599,,0.1601,29.99,0.0736,8.73,,False,E11,Coarse Loam,0,1.1,,,,,,,,-1.0,0.4,,,,,,,,,,,,529.042,110.28900000000002,0.6221566529689515,1.2980065854884868,True
E11_Temp_Evap_Rain,E11_S01_CoarseLoam_dT-1_Ep0.4_P1.2,S01_CoarseLoam,dT-1_Ep0.4_P1.2,ok,20,1980,1999,6.867,0.035,0.0,557.26,108.72,906,132.889,529.148,85.673,138.732,196.708,229.0,335.815,19.069,6.316,,0.1995,29.99,0.0833,9.12,,False,E11,Coarse Loam,0,1.2,,,,,,,,-1.0,0.4,,,,,,,,,,,,529.148,108.03500000000005,0.6282552329405007,1.2977465661780825,True
E11_Temp_Evap_Rain,E11_S01_CoarseLoam_dT-1_Ep0.4_P1.3,S01_CoarseLoam,dT-1_Ep0.4_P1.3,ok,20,1980,1999,6.867,0.0,0.004,603.699,98.64,822,166.953,530.004,88.392,141.572,193.7,229.0,330.436,20.305,6.961,,0.2377,29.99,0.0887,9.19,,False,E11,Coarse Loam,0,1.3,,,,,,,,-1.0,0.4,,,,,,,,,,,,530.004,106.34000000000003,0.6345310601429424,1.2956505988634048,True
E11_Temp_Evap_Rain,E11_S01_CoarseLoam_dT-1_Ep0.5_P0.5,S01_CoarseLoam,dT-1_Ep0.5_P0.5,ok,20,1980,1999,6.505,2.463,0.218,232.192,327.96,2733,0.814,565.962,54.374,104.578,224.235,229.0,350.82,6.239,1.983,,0.0015,28.4,0.0272,-7.68,,False,E11,Coarse Loam,0,0.5,,,,,,,,-1.0,0.5,,,,,,,,,,,,565.962,182.77499999999998,0.6037984882377262,1.1493704524332022,True
E11_Temp_Evap_Rain,E11_S01_CoarseLoam_dT-1_Ep0.5_P0.6,S01_CoarseLoam,dT-1_Ep0.5_P0.6,ok,20,1980,1999,6.778,1.251,0.1,278.63,292.2,2435,3.61,570.014,60.745,115.899,223.4,229.0,358.329,3.977,2.32,,0.0063,29.6,0.0174,-2.6,,False,E11,Coarse Loam,0,0.6,,,,,,,,-1.0,0.5,,,,,,,,,,,,570.014,169.97,0.6080798015487339,1.1890936012097948,True
E11_Temp_Evap_Rain,E11_S01_CoarseLoam_dT-1_Ep0.5_P1.3,S01_CoarseLoam,dT-1_Ep0.5_P1.3,ok,20,1980,1999,6.864,0.237,0.0,603.699,110.16,918,141.324,567.68,88.79,157.051,200.178,229.0,332.469,21.028,6.231,,0.198,29.97,0.0918,9.06,,False,E11,Coarse Loam,0,1.3,,,,,,,,-1.0,0.5,,,,,,,,,,,,567.68,121.66099999999994,0.6473752818489289,1.20913190529876,True
E11_Temp_Evap_Rain,E11_S01_CoarseLoam_dT-1_Ep0.6_P0.6,S01_CoarseLoam,dT-1_Ep0.6_P0.6,ok,20,1980,1999,6.561,1.895,0.155,278.63,325.56,2713,1.883,607.004,59.818,122.99,221.59,229.0,350.927,5.551,2.015,,0.0031,28.65,0.0242,-3.54,,False,E11,Coarse Loam,0,0.6,,,,,,,,-1.0,0.6,,,,,,,,,,,,607.004,202.60600000000002,0.6349447450099175,1.0808824983031413,True
E12_Sensor_Trigger_Rain,E12_S01_CoarseLoam_z100cm_h1200_P1.3,S01_CoarseLoam,z100cm_h1200_P1.3,ok,20,1980,1999,6.321,1.581,0.0,603.699,71.28,594,43.457,644.867,91.174,177.357,230.962,229.0,329.786,32.946,8.868,,0.0644,27.6,0.1439,9.44,,False,E12,Coarse Loam,0,1.3,-1200.0,100.0,,,,,,,,,,,,,,,,,,,644.867,145.37400000000002,0.641845527837523,0.9802021191966716,True
E12_Sensor_Trigger_Rain,E12_S01_CoarseLoam_z100cm_h400_P1.4,S01_CoarseLoam,z100cm_h400_P1.4,ok,20,1980,1999,6.614,0.852,0.0,650.137,94.2,785,85.147,668.678,96.076,179.491,235.691,229.0,332.769,21.806,7.021,,0.1144,28.88,0.0952,9.35,,False,E12,Coarse Loam,0,1.4,-400.0,100.0,,,,,,,,,,,,,,,,,,,668.678,157.42,0.647526911308582,0.9891158375182076,True
E12_Sensor_Trigger_Rain,E12_S01_CoarseLoam_z100cm_h600_P1.4,S01_CoarseLoam,z100cm_h600_P1.4,ok,20,1980,1999,6.407,1.702,0.022,650.137,69.96,583,71.839,657.675,93.863,186.582,229.28,229.0,328.388,30.295,9.159,,0.0998,27.98,0.1323,9.58,,False,E12,Coarse Loam,0,1.4,-600.0,100.0,,,,,,,,,,,,,,,,,,,657.675,147.9499999999999,0.6513779602387197,0.9741893792526704,True
E12_Sensor_Trigger_Rain,E12_S01_CoarseLoam_z100cm_h800_P1.3,S01_CoarseLoam,z100cm_h800_P1.3,ok,20,1980,1999,6.321,1.567,0.0,603.699,86.76,723,50.557,652.444,91.292,177.696,229.51,229.0,329.489,31.769,7.285,,0.0732,27.6,0.1387,9.44,,False,E12,Coarse Loam,0,1.3,-800.0,100.0,,,,,,,,,,,,,,,,,,,652.444,153.9459999999999,0.6482303462059579,0.9688187798493051,True
E12_Sensor_Trigger_Rain,E12_S01_CoarseLoam_z10cm_h1200_P0.5,S01_CoarseLoam,z10cm_h1200_P0.5,ok,20,1980,1999,2.766,47.131,0.129,232.192,286.8,2390,-1.007,529.511,39.28,123.896,130.071,229.0,167.18,56.547,0.964,,-0.0019,12.08,0.2469,-11.01,,False,E12,Coarse Loam,0,0.5,-1200.0,10.0,,,,,,,,,,,,,,,,,,,529.511,236.26399999999998,0.7543563778656156,0.522368751546238,True
E12_Sensor_Trigger_Rain,E12_S01_CoarseLoam_z10cm_h2000_P0.5,S01_CoarseLoam,z10cm_h2000_P0.5,ok,20,1980,1999,1.901,58.536,0.005,232.192,222.24,1852,-1.12,465.108,29.987,124.107,98.465,229.0,118.47,65.313,0.855,,-0.0025,8.3,0.2852,-11.27,,False,E12,Coarse Loam,0,0.5,-2000.0,10.0,,,,,,,,,,,,,,,,,,,465.108,212.549,0.7882964816773739,0.40872227525649957,True
E12_Sensor_Trigger_Rain,E12_S01_CoarseLoam_z10cm_h2000_P0.6,S01_CoarseLoam,z10cm_h2000_P0.6,ok,20,1980,1999,2.653,40.347,0.127,278.63,216.96,1808,-0.823,505.059,40.486,130.005,130.158,229.0,162.018,68.005,1.223,,-0.0017,11.58,0.297,-5.55,,False,E12,Coarse Loam,0,0.6,-2000.0,10.0,,,,,,,,,,,,,,,,,,,505.059,204.41000000000005,0.7422914946570599,0.5252851647035297,True
E12_Sensor_Trigger_Rain,E12_S01_CoarseLoam_z10cm_h2000_P1.2,S01_CoarseLoam,z10cm_h2000_P1.2,ok,20,1980,1999,6.004,4.079,0.0,557.26,70.2,585,18.097,620.721,81.255,178.552,218.199,229.0,312.005,43.698,8.553,,0.0288,26.22,0.1908,9.33,,False,E12,Coarse Loam,0,1.2,-2000.0,10.0,,,,,,,,,,,,,,,,,,,620.721,142.71499999999997,0.6484749186832731,0.9672622643667605,True
E12_Sensor_Trigger_Rain,E12_S01_CoarseLoam_z10cm_h2000_P1.3,S01_CoarseLoam,z10cm_h2000_P1.3,ok,20,1980,1999,6.277,2.501,0.0,603.699,43.08,359,31.74,628.622,86.43,184.849,224.578,229.0,321.674,38.295,14.57,,0.0491,27.41,0.1672,9.46,,False,E12,Coarse Loam,0,1.3,-2000.0,10.0,,,,,,,,,,,,,,,,,,,628.622,132.76500000000001,0.6427455609253255,0.9985332998208781,True
E12_Sensor_Trigger_Rain,E12_S01_CoarseLoam_z15cm_h1200_P0.5,S01_CoarseLoam,z15cm_h1200_P0.5,ok,20,1980,1999,2.899,41.632,0.112,232.192,285.84,2382,-0.977,528.549,39.021,119.68,136.972,229.0,173.608,57.05,1.014,,-0.0019,12.66,0.2491,-11.01,,False,E12,Coarse Loam,0,0.5,-1200.0,15.0,,,,,,,,,,,,,,,,,,,528.549,232.87599999999995,0.7408527875372009,0.5484827329159643,True
E12_Sensor_Trigger_Rain,E12_S01_CoarseLoam_z15cm_h1200_P1.3,S01_CoarseLoam,z15cm_h1200_P1.3,ok,20,1980,1999,6.318,2.124,0.0,603.699,61.44,512,36.237,637.295,87.477,187.611,223.497,229.0,326.198,35.295,10.282,,0.0545,27.59,0.1541,9.45,,False,E12,Coarse Loam,0,1.3,-1200.0,15.0,,,,,,,,,,,,,,,,,,,637.295,138.70999999999998,0.6493036976596396,0.9913776194697903,True
E12_Sensor_Trigger_Rain,E12_S01_CoarseLoam_z15cm_h1200_P1.4,S01_CoarseLoam,z15cm_h1200_P1.4,ok,20,1980,1999,6.399,1.857,0.0,650.137,45.6,380,58.292,644.371,91.601,193.541,224.413,229.0,327.643,34.001,14.032,,0.0838,27.94,0.1485,9.35,,False,E12,Coarse Loam,0,1.4,-1200.0,15.0,,,,,,,,,,,,,,,,,,,644.371,134.81599999999997,0.6517332406331136,0.9930614506239418,True
E12_Sensor_Trigger_Rain,E12_S01_CoarseLoam_z15cm_h2000_P0.5,S01_CoarseLoam,z15cm_h2000_P0.5,ok,20,1980,1999,2.032,54.858,0.0,232.192,219.72,1831,-1.068,462.49,30.305,120.117,105.418,229.0,125.497,66.574,0.925,,-0.0024,8.87,0.2907,-11.27,,False,E12,Coarse Loam,0,0.5,-2000.0,15.0,,,,,,,,,,,,,,,,,,,462.49,206.64999999999998,0.7720642608488832,0.43936085104542805,True
E12_Sensor_Trigger_Rain,E12_S01_CoarseLoam_z15cm_h2000_P1.2,S01_CoarseLoam,z15cm_h2000_P1.2,ok,20,1980,1999,5.994,4.329,0.0,557.26,66.48,554,18.252,616.975,81.122,177.156,218.872,229.0,311.38,44.242,9.016,,0.0293,26.17,0.1932,9.33,,False,E12,Coarse Loam,0,1.2,-2000.0,15.0,,,,,,,,,,,,,,,,,,,616.975,139.82500000000005,0.6452498075286681,0.9715142428785607,True
E12_Sensor_Trigger_Rain,E12_S01_CoarseLoam_z15cm_h2000_P1.3,S01_CoarseLoam,z15cm_h2000_P1.3,ok,20,1980,1999,6.275,2.555,0.0,603.699,39.72,331,31.517,625.695,86.429,183.593,225.182,229.0,321.573,38.372,15.798,,0.049,27.4,0.1676,9.46,,False,E12,Coarse Loam,0,1.3,-2000.0,15.0,,,,,,,,,,,,,,,,,,,625.695,130.49100000000013,0.6401089987933419,1.0028847921111723,True
E12_Sensor_Trigger_Rain,E12_S01_CoarseLoam_z20cm_h1200_P1.2,S01_CoarseLoam,z20cm_h1200_P1.2,ok,20,1980,1999,6.106,3.312,0.0,557.26,80.28,669,20.957,624.874,82.047,179.456,218.76,229.0,318.156,40.085,7.606,,0.0329,26.66,0.175,9.32,,False,E12,Coarse Loam,0,1.2,-1200.0,20.0,,,,,,,,,,,,,,,,,,,624.874,144.611,0.6499134225459853,0.9771569948501618,True
E12_Sensor_Trigger_Rain,E12_S01_CoarseLoam_z20cm_h1200_P1.3,S01_CoarseLoam,z20cm_h1200_P1.3,ok,20,1980,1999,6.32,2.067,0.0,603.699,56.64,472,36.54,633.436,87.383,185.617,224.396,229.0,326.176,35.396,11.157,,0.0553,27.6,0.1546,9.45,,False,E12,Coarse Loam,0,1.3,-1200.0,20.0,,,,,,,,,,,,,,,,,,,633.436,136.04000000000005,0.6457479524371839,0.9977329990717293,True
E12_Sensor_Trigger_Rain,E12_S01_CoarseLoam_z20cm_h1200_P1.4,S01_CoarseLoam,z20cm_h1200_P1.4,ok,20,1980,1999,6.399,1.821,0.0,650.137,39.12,326,57.752,640.335,91.58,192.09,225.565,229.0,327.296,34.117,16.358,,0.0838,27.94,0.149,9.35,,False,E12,Coarse Loam,0,1.4,-1200.0,20.0,,,,,,,,,,,,,,,,,,,640.335,131.09999999999997,0.6477390740784121,0.9993206680877977,True
E12_Sensor_Trigger_Rain,E12_S01_CoarseLoam_z20cm_h2000_P0.5,S01_CoarseLoam,z20cm_h2000_P0.5,ok,20,1980,1999,2.9,37.927,0.0,232.192,266.16,2218,-0.925,508.784,34.891,115.781,135.642,229.0,169.444,61.157,1.09,,-0.0019,12.66,0.2671,-11.29,,False,E12,Coarse Loam,0,0.5,-2000.0,20.0,,,,,,,,,,,,,,,,,,,508.784,222.46999999999997,0.7333996352086544,0.5699864775621875,True
E12_Sensor_Trigger_Rain,E12_S01_CoarseLoam_z20cm_h2000_P1.2,S01_CoarseLoam,z20cm_h2000_P1.2,ok,20,1980,1999,6.026,3.964,0.0,557.26,66.36,553,18.656,616.299,81.311,175.917,219.706,229.0,313.552,42.754,9.081,,0.0299,26.32,0.1867,9.33,,False,E12,Coarse Loam,0,1.2,-2000.0,20.0,,,,,,,,,,,,,,,,,,,616.299,139.36499999999992,0.6435074533627346,0.9777721528024547,True
E12_Sensor_Trigger_Rain,E12_S01_CoarseLoam_z20cm_h2000_P1.3,S01_CoarseLoam,z20cm_h2000_P1.3,ok,20,1980,1999,6.28,2.461,0.0,603.699,39.36,328,32.087,624.725,86.6,182.796,225.737,229.0,322.226,38.023,15.956,,0.0499,27.43,0.166,9.46,,False,E12,Coarse Loam,0,1.3,-2000.0,20.0,,,,,,,,,,,,,,,,,,,624.725,129.592,0.6386618111969267,1.0052423066149105,True
E12_Sensor_Trigger_Rain,E12_S01_CoarseLoam_z20cm_h2000_P1.4,S01_CoarseLoam,z20cm_h2000_P1.4,ok,20,1980,1999,6.376,2.061,0.0,650.137,22.56,188,53.017,632.666,90.96,189.789,228.045,229.0,324.485,36.254,28.263,,0.0788,27.84,0.1583,9.35,,False,E12,Coarse Loam,0,1.4,-2000.0,20.0,,,,,,,,,,,,,,,,,,,632.666,123.87200000000004,0.6395491459948852,1.0077987437289184,True
E12_Sensor_Trigger_Rain,E12_S01_CoarseLoam_z30cm_h1200_P1.2,S01_CoarseLoam,z30cm_h1200_P1.2,ok,20,1980,1999,6.164,2.361,0.0,557.26,87.6,730,22.247,631.284,82.301,179.535,220.656,229.0,321.03,38.493,7.037,,0.0345,26.92,0.1681,9.31,,False,E12,Coarse Loam,0,1.2,-1200.0,30.0,,,,,,,,,,,,,,,,,,,631.284,148.79199999999997,0.6504647670462106,0.9764226560470406,True
E12_Sensor_Trigger_Rain,E12_S01_CoarseLoam_z30cm_h1200_P1.3,S01_CoarseLoam,z30cm_h1200_P1.3,ok,20,1980,1999,6.323,1.901,0.001,603.699,60.24,502,37.431,636.362,87.485,185.768,224.752,229.0,327.17,34.755,10.497,,0.0564,27.61,0.1518,9.45,,False,E12,Coarse Loam,0,1.3,-1200.0,30.0,,,,,,,,,,,,,,,,,,,636.362,138.3569999999999,0.6468173775303994,0.993616840729019,True
E12_Sensor_Trigger_Rain,E12_S01_CoarseLoam_z30cm_h1200_P1.4,S01_CoarseLoam,z30cm_h1200_P1.4,ok,20,1980,1999,6.41,1.618,0.004,650.137,40.32,336,58.839,640.828,91.728,191.448,226.279,229.0,327.713,33.619,15.897,,0.0852,27.99,0.1468,9.35,,False,E12,Coarse Loam,0,1.4,-1200.0,30.0,,,,,,,,,,,,,,,,,,,640.828,131.37300000000005,0.6468958909410949,1.000268402753937,True
E12_Sensor_Trigger_Rain,E12_S01_CoarseLoam_z30cm_h2000_P1.2,S01_CoarseLoam,z30cm_h2000_P1.2,ok,20,1980,1999,6.084,3.315,0.0,557.26,74.16,618,20.042,622.682,81.716,177.056,220.498,229.0,316.098,41.511,8.204,,0.0317,26.57,0.1813,9.33,,False,E12,Coarse Loam,0,1.2,-2000.0,30.0,,,,,,,,,,,,,,,,,,,622.682,143.41199999999998,0.645889876373494,0.9770637339765723,True
E12_Sensor_Trigger_Rain,E12_S01_CoarseLoam_z30cm_h2000_P1.3,S01_CoarseLoam,z30cm_h2000_P1.3,ok,20,1980,1999,6.289,2.198,0.0,603.699,44.16,368,33.256,628.015,86.815,183.248,225.819,229.0,323.236,37.404,14.242,,0.0513,27.46,0.1633,9.46,,False,E12,Coarse Loam,0,1.3,-2000.0,30.0,,,,,,,,,,,,,,,,,,,628.015,132.13300000000007,0.6404241936896412,1.0014092020095062,True
E12_Sensor_Trigger_Rain,E12_S01_CoarseLoam_z30cm_h2000_P1.4,S01_CoarseLoam,z30cm_h2000_P1.4,ok,20,1980,1999,6.394,1.819,0.0,650.137,25.32,211,54.244,633.845,90.991,189.631,228.095,229.0,325.907,35.074,25.254,,0.0803,27.92,0.1532,9.35,,False,E12,Coarse Loam,0,1.4,-2000.0,30.0,,,,,,,,,,,,,,,,,,,633.845,125.12800000000007,0.6401407284115201,1.0087639722645125,True
E12_Sensor_Trigger_Rain,E12_S01_CoarseLoam_z30cm_h800_P1.4,S01_CoarseLoam,z30cm_h800_P1.4,ok,20,1980,1999,6.434,1.46,0.008,650.137,63.36,528,64.885,649.344,92.515,192.6,224.095,229.0,330.671,30.981,10.154,,0.0909,28.1,0.1353,9.35,,False,E12,Coarse Loam,0,1.4,-800.0,30.0,,,,,,,,,,,,,,,,,,,649.344,140.13400000000004,0.6548901660753006,0.9908461462645377,True
E12_Sensor_Trigger_Rain,E12_S01_CoarseLoam_z40cm_h1200_P1.3,S01_CoarseLoam,z40cm_h1200_P1.3,ok,20,1980,1999,6.32,1.91,0.0,603.699,61.32,511,37.166,638.817,87.471,185.991,225.247,229.0,326.815,35.134,10.306,,0.0559,27.6,0.1534,9.45,,False,E12,Coarse Loam,0,1.3,-1200.0,40.0,,,,,,,,,,,,,,,,,,,638.817,140.108,0.6473998030734937,0.9893287122916266,True
E12_Sensor_Trigger_Rain,E12_S01_CoarseLoam_z40cm_h1200_P1.4,S01_CoarseLoam,z40cm_h1200_P1.4,ok,20,1980,1999,6.41,1.647,0.001,650.137,43.68,364,59.178,644.777,91.408,192.377,226.891,229.0,327.684,33.443,14.674,,0.0853,27.99,0.146,9.35,,False,E12,Coarse Loam,0,1.4,-1200.0,40.0,,,,,,,,,,,,,,,,,,,644.777,134.10100000000003,0.6481093463321428,0.9941421607780674,True
E12_Sensor_Trigger_Rain,E12_S01_CoarseLoam_z40cm_h2000_P1.2,S01_CoarseLoam,z40cm_h2000_P1.2,ok,20,1980,1999,6.141,2.529,0.0,557.26,81.12,676,20.335,629.668,82.089,177.789,222.449,229.0,318.966,39.883,7.571,,0.0319,26.82,0.1742,9.32,,False,E12,Coarse Loam,0,1.2,-2000.0,40.0,,,,,,,,,,,,,,,,,,,629.668,147.34099999999995,0.6467201763469003,0.975275859659376,True
E12_Sensor_Trigger_Rain,E12_S01_CoarseLoam_z40cm_h2000_P1.3,S01_CoarseLoam,z40cm_h2000_P1.3,ok,20,1980,1999,6.303,2.097,0.0,603.699,49.56,413,33.783,632.937,86.962,184.172,226.407,229.0,324.392,36.682,12.718,,0.0517,27.52,0.1602,9.45,,False,E12,Coarse Loam,0,1.3,-2000.0,40.0,,,,,,,,,,,,,,,,,,,632.937,135.396,0.6422914128894345,0.9958337085681513,True
E12_Sensor_Trigger_Rain,E12_S01_CoarseLoam_z40cm_h2000_P1.4,S01_CoarseLoam,z40cm_h2000_P1.4,ok,20,1980,1999,6.394,1.796,0.0,650.137,30.0,250,55.181,637.391,91.1,190.182,228.179,229.0,326.006,34.744,21.314,,0.0811,27.92,0.1517,9.35,,False,E12,Coarse Loam,0,1.4,-2000.0,40.0,,,,,,,,,,,,,,,,,,,637.391,127.92999999999992,0.6420109477542042,1.003151911464078,True
E12_Sensor_Trigger_Rain,E12_S01_CoarseLoam_z40cm_h800_P1.3,S01_CoarseLoam,z40cm_h800_P1.3,ok,20,1980,1999,6.355,1.723,0.0,603.699,78.48,654,42.085,644.568,88.229,187.427,223.979,229.0,329.788,32.685,8.097,,0.0617,27.75,0.1427,9.44,,False,E12,Coarse Loam,0,1.3,-800.0,40.0,,,,,,,,,,,,,,,,,,,644.568,144.9329999999999,0.6525130009556788,0.9859316627570713,True
E12_Sensor_Trigger_Rain,E12_S01_CoarseLoam_z40cm_h800_P1.4,S01_CoarseLoam,z40cm_h800_P1.4,ok,20,1980,1999,6.431,1.529,0.003,650.137,60.84,507,64.118,649.874,91.957,192.77,224.793,229.0,330.306,31.018,10.571,,0.0902,28.08,0.1355,9.35,,False,E12,Coarse Loam,0,1.4,-800.0,40.0,,,,,,,,,,,,,,,,,,,649.874,140.35400000000004,0.6540975635276992,0.9895764409716346,True
E12_Sensor_Trigger_Rain,E12_S01_CoarseLoam_z50cm_h1200_P1.3,S01_CoarseLoam,z50cm_h1200_P1.3,ok,20,1980,1999,6.339,1.86,0.0,603.699,73.32,611,39.812,649.534,88.08,186.855,226.464,229.0,327.473,34.519,8.646,,0.0588,27.68,0.1507,9.45,,False,E12,Coarse Loam,0,1.3,-1200.0,50.0,,,,,,,,,,,,,,,,,,,649.534,148.13499999999993,0.6513438865401965,0.9759304362820114,True
E12_Sensor_Trigger_Rain,E12_S01_CoarseLoam_z50cm_h1200_P1.4,S01_CoarseLoam,z50cm_h1200_P1.4,ok,20,1980,1999,6.415,1.646,0.001,650.137,49.08,409,61.109,648.586,92.115,192.165,227.709,229.0,328.438,32.344,13.071,,0.0874,28.01,0.1412,9.35,,False,E12,Coarse Loam,0,1.4,-1200.0,50.0,,,,,,,,,,,,,,,,,,,648.586,136.59700000000004,0.6489147160129882,0.9890746947976058,True
E12_Sensor_Trigger_Rain,E12_S01_CoarseLoam_z50cm_h600_P1.4,S01_CoarseLoam,z50cm_h600_P1.4,ok,20,1980,1999,6.455,1.129,0.004,650.137,80.16,668,69.952,661.298,93.11,193.535,225.506,229.0,331.306,29.093,8.052,,0.0958,28.19,0.127,9.35,,False,E12,Coarse Loam,0,1.4,-600.0,50.0,,,,,,,,,,,,,,,,,,,661.298,149.14700000000002,0.6589948858154719,0.9761106188133036,True
E12_Sensor_Trigger_Rain,E12_S01_CoarseLoam_z50cm_h800_P1.3,S01_CoarseLoam,z50cm_h800_P1.3,ok,20,1980,1999,6.363,1.612,0.0,603.699,88.32,736,44.206,654.878,88.994,188.201,225.839,229.0,330.699,31.755,7.205,,0.0639,27.79,0.1387,9.44,,False,E12,Coarse Loam,0,1.3,-800.0,50.0,,,,,,,,,,,,,,,,,,,654.878,151.844,0.6551434007555605,0.9716313572909763,True
E12_Sensor_Trigger_Rain,E12_S01_CoarseLoam_z50cm_h800_P1.4,S01_CoarseLoam,z50cm_h800_P1.4,ok,20,1980,1999,6.429,1.542,0.002,650.137,65.64,547,65.721,656.026,92.236,193.751,225.683,229.0,329.645,30.958,9.795,,0.0918,28.08,0.1352,9.35,,False,E12,Coarse Loam,0,1.4,-800.0,50.0,,,,,,,,,,,,,,,,,,,656.026,144.356,0.6559846713392457,0.9799916466725406,True
E12_Sensor_Trigger_Rain,E12_S01_CoarseLoam_z5cm_h2000_P1.2,S01_CoarseLoam,z5cm_h2000_P1.2,ok,20,1980,1999,6.005,3.61,0.0,557.26,84.12,701,18.015,634.407,82.5,182.076,216.821,229.0,313.314,43.401,7.139,,0.0281,26.22,0.1895,9.33,,False,E12,Coarse Loam,0,1.2,-2000.0,5.0,,,,,,,,,,,,,,,,,,,634.407,153.01000000000002,0.6582304419717941,0.9465532379056346,True
E12_Sensor_Trigger_Rain,E12_S01_CoarseLoam_z5cm_h2000_P1.3,S01_CoarseLoam,z5cm_h2000_P1.3,ok,20,1980,1999,6.287,2.143,0.0,603.699,58.92,491,32.789,642.648,87.322,189.183,222.63,229.0,323.179,37.612,10.67,,0.0495,27.45,0.1642,9.46,,False,E12,Coarse Loam,0,1.3,-2000.0,5.0,,,,,,,,,,,,,,,,,,,642.648,143.51300000000003,0.6535739627292079,0.9782960500927412,True
E12_Sensor_Trigger_Rain,E12_S01_CoarseLoam_z5cm_h800_P0.5,S01_CoarseLoam,z5cm_h800_P0.5,ok,20,1980,1999,2.933,47.775,0.329,232.192,321.48,2679,-0.974,564.107,44.902,126.093,141.231,229.0,182.279,54.688,0.912,,-0.0018,12.81,0.2388,-10.83,,False,E12,Coarse Loam,0,0.5,-800.0,5.0,,,,,,,,,,,,,,,,,,,564.107,251.88099999999991,0.7496379233017849,0.5199368204968207,True
E12_Sensor_Trigger_Rain,E12_S01_CoarseLoam_z80cm_h600_P1.4,S01_CoarseLoam,z80cm_h600_P1.4,ok,20,1980,1999,6.499,0.948,0.0,650.137,82.92,691,76.721,666.361,94.404,185.224,232.055,229.0,330.995,25.428,7.837,,0.1047,28.38,0.111,9.58,,False,E12,Coarse Loam,0,1.4,-600.0,80.0,,,,,,,,,,,,,,,,,,,666.361,154.678,0.6517578309654977,0.9752971737541664,True
E12_Sensor_Trigger_Rain,E12_S01_CoarseLoam_z80cm_h800_P1.4,S01_CoarseLoam,z80cm_h800_P1.4,ok,20,1980,1999,6.456,1.172,0.003,650.137,72.6,605,70.672,663.153,93.57,187.948,231.476,229.0,329.713,28.1,8.893,,0.0978,28.19,0.1227,9.87,,False,E12,Coarse Loam,0,1.4,-800.0,80.0,,,,,,,,,,,,,,,,,,,663.153,150.1590000000001,0.6509463125402434,0.9735309951097257,True
E13_N_Water_Soil,E13_S01_CoarseLoam_N55_W09_Drip600,S01_CoarseLoam,N55_W09_Drip600,ok,20,1980,1999,5.751,3.658,1.496,464.384,131.4,1095,9.55,588.841,74.193,173.438,237.266,125.96,248.642,4.108,4.377,2.421,0.016,45.66,0.0326,8.54,E13_S01_CoarseLoam_N55_W01_Rainfed,False,E13,Coarse Loam,0,,,,,,,,,,,55.0,,,,,,,,W09_Drip600,,,588.841,103.94400000000005,0.5970627045331423,0.9766643287406958,True
E13_N_Water_Soil,E13_S01_CoarseLoam_N70_W09_Drip600,S01_CoarseLoam,N70_W09_Drip600,ok,20,1980,1999,5.976,3.658,0.318,464.384,131.52,1096,9.574,588.976,73.956,173.421,237.405,160.3,288.651,5.511,4.544,2.58,0.0161,37.28,0.0344,8.54,E13_S01_CoarseLoam_N70_W01_Rainfed,False,E13,Coarse Loam,0,,,,,,,,,,,70.0,,,,,,,,W09_Drip600,,,588.976,104.19399999999999,0.596919059520252,1.0146423623373448,True
E13_N_Water_Soil,E13_S01_CoarseLoam_N85_W09_Drip600,S01_CoarseLoam,N85_W09_Drip600,ok,20,1980,1999,6.015,3.656,0.065,464.384,131.76,1098,9.625,589.17,74.131,173.468,237.532,194.64,310.434,13.751,4.565,2.598,0.0161,30.9,0.0706,8.54,E13_S01_CoarseLoam_N85_W01_Rainfed,False,E13,Coarse Loam,0,,,,,,,,,,,85.0,,,,,,,,W09_Drip600,,,589.17,104.03900000000002,0.5968362272349237,1.0209277458119048,True
E13_N_Water_Soil,E13_S10_SiltyClayLoam_N100_W06_Surf1000,S10_SiltyClayLoam,N100_W06_Surf1000,ok,20,1980,1999,6.425,1.262,0.135,464.384,190.32,1586,18.822,644.15,82.191,148.647,238.321,229.0,296.906,1.339,3.376,1.931,0.0287,28.06,0.0058,6.19,E13_S10_SiltyClayLoam_N100_W01_Rainfed,False,E13,Silty Clay Loam,9,,,,,,,,,,,100.0,,,,,,,,W06_Surf1000,,,644.15,174.99099999999996,0.6300225102848716,0.9974384848249631,True
E13_N_Water_Soil,E13_S10_SiltyClayLoam_N100_W08_Drip300,S10_SiltyClayLoam,N100_W08_Drip300,ok,20,1980,1999,6.459,0.352,2.051,464.384,213.72,1781,48.692,629.857,84.66,184.689,260.057,229.0,282.565,0.278,3.022,1.735,0.0718,28.21,0.0012,13.64,E13_S10_SiltyClayLoam_N100_W01_Rainfed,False,E13,Silty Clay Loam,9,,,,,,,,,,,100.0,,,,,,,,W08_Drip300,,,629.857,100.45100000000002,0.5871173933130853,1.0254708608461922,True
E13_N_Water_Soil,E13_S10_SiltyClayLoam_N40_W06_Surf1000,S10_SiltyClayLoam,N40_W06_Surf1000,ok,20,1980,1999,3.612,1.215,31.442,464.384,182.04,1517,19.862,634.221,77.441,153.893,223.439,91.6,139.795,0.075,1.984,0.546,0.0307,39.44,0.0008,6.27,E13_S10_SiltyClayLoam_N40_W01_Rainfed,False,E13,Silty Clay Loam,9,,,,,,,,,,,40.0,,,,,,,,W06_Surf1000,,,634.221,179.44799999999995,0.6476953617114539,0.5695175656435217,True
E13_N_Water_Soil,E13_S10_SiltyClayLoam_N55_W06_Surf1000,S10_SiltyClayLoam,N55_W06_Surf1000,ok,20,1980,1999,4.738,1.236,17.027,464.384,185.28,1544,19.123,638.462,79.849,151.262,230.211,125.96,176.957,0.139,2.557,1.074,0.0294,37.62,0.0011,6.28,E13_S10_SiltyClayLoam_N55_W01_Rainfed,False,E13,Silty Clay Loam,9,,,,,,,,,,,55.0,,,,,,,,W06_Surf1000,,,638.462,177.13999999999993,0.6394288148707362,0.742095849087338,True
E13_N_Water_Soil,E13_S10_SiltyClayLoam_N55_W09_Drip600,S10_SiltyClayLoam,N55_W09_Drip600,ok,20,1980,1999,4.76,0.852,20.059,464.384,162.12,1351,30.764,598.576,79.914,162.427,253.753,125.96,175.711,0.113,2.936,1.241,0.0491,37.79,0.0009,6.28,E13_S10_SiltyClayLoam_N55_W01_Rainfed,False,E13,Silty Clay Loam,9,,,,,,,,,,,55.0,,,,,,,,W09_Drip600,,,598.576,102.48200000000003,0.5760722113816792,0.7952206570260084,True
E13_N_Water_Soil,E13_S10_SiltyClayLoam_N70_W06_Surf1000,S10_SiltyClayLoam,N70_W06_Surf1000,ok,20,1980,1999,5.686,1.261,5.896,464.384,188.88,1574,18.904,642.584,81.687,149.143,236.505,160.3,215.532,0.285,3.01,1.551,0.0289,35.47,0.0018,6.2,E13_S10_SiltyClayLoam_N70_W01_Rainfed,False,E13,Silty Clay Loam,9,,,,,,,,,,,70.0,,,,,,,,W06_Surf1000,,,642.584,175.2489999999999,0.6319469516825815,0.8848648581352789,True
E13_N_Water_Soil,E13_S10_SiltyClayLoam_N70_W09_Drip600,S10_SiltyClayLoam,N70_W09_Drip600,ok,20,1980,1999,5.671,0.858,7.369,464.384,165.96,1383,29.807,603.827,81.961,160.806,259.466,160.3,214.995,0.267,3.417,1.757,0.0473,35.38,0.0017,6.28,E13_S10_SiltyClayLoam_N70_W01_Rainfed,False,E13,Silty Clay Loam,9,,,,,,,,,,,70.0,,,,,,,,W09_Drip600,,,603.827,101.59399999999994,0.5702974527472273,0.9391762872478375,True
E13_N_Water_Soil,E13_S10_SiltyClayLoam_N85_W06_Surf1000,S10_SiltyClayLoam,N85_W06_Surf1000,ok,20,1980,1999,6.293,1.261,1.418,464.384,190.2,1585,18.889,643.969,82.112,148.881,237.812,194.64,255.305,0.539,3.309,1.863,0.0289,32.33,0.0028,6.19,E13_S10_SiltyClayLoam_N85_W01_Rainfed,False,E13,Silty Clay Loam,9,,,,,,,,,,,85.0,,,,,,,,W06_Surf1000,,,643.969,175.1640000000001,0.6307089316411194,0.9772209531825289,True
E13_N_Water_Soil,E13_S10_SiltyClayLoam_N85_W09_Drip600,S10_SiltyClayLoam,N85_W09_Drip600,ok,20,1980,1999,6.261,0.849,2.735,464.384,167.64,1397,29.535,605.87,82.889,160.36,261.539,194.64,253.287,0.347,3.735,2.094,0.0467,32.17,0.0018,6.28,E13_S10_SiltyClayLoam_N85_W01_Rainfed,False,E13,Silty Clay Loam,9,,,,,,,,,,,85.0,,,,,,,,W09_Drip600,,,605.87,101.082,0.5683248881773317,1.0333900011553634,True
E15_Method_Depth_Amount,E15_S01_CoarseLoam_M01_Overhead_root90cm_A1.2mm,S01_CoarseLoam,M01_Overhead_root90cm_A1.2mm,ok,20,1980,1999,4.896,8.477,0.034,464.384,168.0,2800,-0.097,630.383,137.232,159.396,156.03,229.0,299.385,41.188,2.914,1.368,-0.0002,21.38,0.1799,8.56,E0_S01_CoarseLoam_Rainfed,False,E15,Coarse Loam,0,,,,,,1.2,,,,,,90.0,,,,M01_Overhead,,,,,,630.383,177.7250000000001,0.752483807463082,0.7766706906753513,True
E15_Method_Depth_Amount,E15_S01_CoarseLoam_M03_Drip5-10cm_root90cm_A1.2mm,S01_CoarseLoam,M03_Drip5-10cm_root90cm_A1.2mm,ok,20,1980,1999,5.23,6.403,0.019,464.384,150.84,2514,2.04,611.008,76.518,207.172,223.74,229.0,307.653,39.404,3.467,1.745,0.0033,22.84,0.1721,8.55,E0_S01_CoarseLoam_Rainfed,False,E15,Coarse Loam,0,,,,,,1.2,,,,,,90.0,,,,M03_Drip5-10cm,,,,,,611.008,103.57799999999997,0.6338182151461191,0.8559626060542579,True
E15_Method_Depth_Amount,E15_S01_CoarseLoam_M05_Drip15-25cm_root105cm_A1.2mm,S01_CoarseLoam,M05_Drip15-25cm_root105cm_A1.2mm,ok,20,1980,1999,5.483,5.502,0.026,464.384,122.34,2039,6.07,583.68,74.669,172.862,232.219,229.0,305.557,39.855,4.482,2.359,0.0103,23.94,0.174,8.55,E0_S01_CoarseLoam_Rainfed,False,E15,Coarse Loam,0,,,,,,1.2,,,,,,105.0,,,,M05_Drip15-25cm,,,,,,583.68,103.93,0.6021467242324561,0.9393845942982457,True
E15_Method_Depth_Amount,E15_S01_CoarseLoam_M05_Drip15-25cm_root90cm_A1.2mm,S01_CoarseLoam,M05_Drip15-25cm_root90cm_A1.2mm,ok,20,1980,1999,5.331,6.233,0.033,464.384,121.92,2032,2.82,581.293,74.772,173.161,229.52,229.0,307.438,37.488,4.373,2.242,0.0048,23.28,0.1637,8.55,E0_S01_CoarseLoam_Rainfed,False,E15,Coarse Loam,0,,,,,,1.2,,,,,,90.0,,,,M05_Drip15-25cm,,,,,,581.293,103.84,0.605156091678379,0.9170934451300806,True
E15_Method_Depth_Amount,E15_S01_CoarseLoam_M06_Drip20-30cm_root90cm_A1.2mm,S01_CoarseLoam,M06_Drip20-30cm_root90cm_A1.2mm,ok,20,1980,1999,5.481,5.316,0.062,464.384,123.54,2059,4.023,581.693,74.752,169.943,233.074,229.0,311.356,34.624,4.436,2.334,0.0068,23.93,0.1512,8.54,E0_S01_CoarseLoam_Rainfed,False,E15,Coarse Loam,0,,,,,,1.2,,,,,,90.0,,,,M06_Drip20-30cm,,,,,,581.693,103.92399999999992,0.5993178532318594,0.9422496058917676,True
E15_Method_Depth_Amount,E15_S01_CoarseLoam_M07_Drip25-35cm_root90cm_A1.2mm,S01_CoarseLoam,M07_Drip25-35cm_root90cm_A1.2mm,ok,20,1980,1999,5.649,4.404,0.044,464.384,127.98,2133,5.867,584.27,75.046,169.117,236.281,229.0,314.862,32.565,4.414,2.384,0.0099,24.67,0.1422,8.54,E0_S01_CoarseLoam_Rainfed,False,E15,Coarse Loam,0,,,,,,1.2,,,,,,90.0,,,,M07_Drip25-35cm,,,,,,584.27,103.82599999999996,0.5955962140791072,0.9668475191264313,True
E16_Edge_Cases,E16_S01_CoarseLoam_C13_P0.5_T2_h2000_D30_N25_Ep0.3,S01_CoarseLoam,C13_P0.5_T2_h2000_D30_N25_Ep0.3,ok,20,1980,1999,3.733,4.919,14.134,232.192,225.0,150,0.787,460.951,48.102,133.185,216.692,57.24,157.408,0.41,1.659,,0.0017,65.22,0.0072,1.53,,False,E16,Coarse Loam,0,0.5,-2000.0,,,,,,,,0.3,25.0,,,,,,,,,,C13,460.951,62.97200000000004,0.529902310657749,0.8098474675182394,True
E16_Edge_Cases,E16_S01_CoarseLoam_C20_P0.5_T6_h50_D1.2_N150_Ep1.2,S01_CoarseLoam,C20_P0.5_T6_h50_D1.2_N150_Ep1.2,ok,20,1980,1999,0.003,231.291,0.0,232.192,220.8,3680,-1.591,465.312,2.033,48.519,18.065,343.5,0.395,38.063,0.002,,-0.0035,0.01,0.1108,-24.97,,False,E16,Coarse Loam,0,0.5,-50.0,,,,,,,,1.2,150.0,,,,,,,,,,C20,465.312,396.695,0.9611765868922357,0.0006447286981638127,True
E16_Edge_Cases,E16_S01_CoarseLoam_C73_HotDry_Root30,S01_CoarseLoam,C73_HotDry_Root30,ok,20,1980,1999,0.404,143.223,0.0,232.192,425.88,3549,-2.496,665.792,47.13,172.903,108.763,229.0,124.149,40.874,0.095,,-0.0038,1.76,0.1785,-13.29,,False,E16,Coarse Loam,0,,,,,,,,,,,,,,,,,,,,,C73,665.792,336.996,0.8366411732192637,0.06067961165048544,True
E16_Edge_Cases,E16_S06_Loam_C09_P0.5_T2_h2000_D1.2_N25_Ep0.3,S06_Loam,C09_P0.5_T2_h2000_D1.2_N25_Ep0.3,ok,20,1980,1999,1.926,53.41,0.017,232.192,65.04,1084,1.235,299.751,35.996,84.317,87.673,57.24,127.462,3.345,2.962,,0.0042,33.66,0.0584,-27.84,,False,E16,Loam,5,0.5,-2000.0,,,,,,,,0.3,25.0,,,,,,,,,,C09,299.751,91.76499999999999,0.7075139032063279,0.6425333026411922,True
E16_Edge_Cases,E16_S06_Loam_C13_P0.5_T2_h2000_D30_N25_Ep0.3,S06_Loam,C13_P0.5_T2_h2000_D30_N25_Ep0.3,ok,20,1980,1999,2.577,45.258,1.685,232.192,73.5,49,1.771,307.531,38.235,83.817,121.03,57.24,140.762,1.148,3.506,,0.0058,45.02,0.0201,-15.17,,False,E16,Loam,5,0.5,-2000.0,,,,,,,,0.3,25.0,,,,,,,,,,C13,307.531,64.44899999999998,0.6064461794095555,0.8379643027857354,True
E16_Edge_Cases,E16_S07_SiltLoam_C09_P0.5_T2_h2000_D1.2_N25_Ep0.3,S07_SiltLoam,C09_P0.5_T2_h2000_D1.2_N25_Ep0.3,ok,20,1980,1999,2.351,43.842,1.355,232.192,124.2,2070,-0.554,363.954,40.491,99.768,112.628,57.24,139.289,0.534,1.893,,-0.0016,41.08,0.0093,-31.06,,False,E16,Silt Loam,6,0.5,-2000.0,,,,,,,,0.3,25.0,,,,,,,,,,C09,363.954,111.06700000000002,0.6905433104183496,0.6459607532820082,True
E16_Edge_Cases,E16_S07_SiltLoam_C11_P0.5_T2_h2000_D1.2_N150_Ep0.3,S07_SiltLoam,C11_P0.5_T2_h2000_D1.2_N150_Ep0.3,ok,20,1980,1999,2.391,44.088,0.0,232.192,124.56,2076,-0.547,364.32,40.44,98.13,111.995,343.5,157.164,59.295,1.919,,-0.0015,6.96,0.1726,-31.06,,False,E16,Silt Loam,6,0.5,-2000.0,,,,,,,,0.3,150.0,,,,,,,,,,C11,364.32,113.755,0.6925916776460255,0.6562911725955205,True
E16_Edge_Cases,E16_S07_SiltLoam_C12_P0.5_T2_h2000_D1.2_N150_Ep1.2,S07_SiltLoam,C12_P0.5_T2_h2000_D1.2_N150_Ep1.2,ok,20,1980,1999,0.047,156.532,0.0,232.192,190.44,3174,-1.029,433.882,4.257,87.077,34.335,343.5,5.974,55.965,0.025,,-0.0024,0.14,0.1629,-51.7,,False,E16,Silt Loam,6,0.5,-2000.0,,,,,,,,1.2,150.0,,,,,,,,,,C12,433.882,308.213,0.9208655809644097,0.01083243831272097,True
E16_Edge_Cases,E16_S07_SiltLoam_C13_P0.5_T2_h2000_D30_N25_Ep0.3,S07_SiltLoam,C13_P0.5_T2_h2000_D30_N25_Ep0.3,ok,20,1980,1999,3.131,10.457,21.687,232.192,210.0,140,-0.198,447.732,48.593,115.146,221.386,57.24,130.548,0.184,1.491,,-0.0004,54.69,0.0032,-12.87,,False,E16,Silt Loam,6,0.5,-2000.0,,,,,,,,0.3,25.0,,,,,,,,,,C13,447.732,62.607,0.50553902781128,0.6993022611740951,True
E16_Edge_Cases,E16_S07_SiltLoam_C15_P0.5_T2_h2000_D30_N150_Ep0.3,S07_SiltLoam,C15_P0.5_T2_h2000_D30_N150_Ep0.3,ok,20,1980,1999,6.095,10.386,0.0,232.192,217.5,145,-0.492,455.492,50.636,112.927,230.065,343.5,327.485,22.397,2.802,,-0.0011,17.74,0.0652,-12.7,,False,E16,Silt Loam,6,0.5,-2000.0,,,,,,,,0.3,150.0,,,,,,,,,,C15,455.492,61.863999999999976,0.4949088019109008,1.338113512421733,True
E16_Edge_Cases,E16_S07_SiltLoam_C16_P0.5_T2_h2000_D30_N150_Ep1.2,S07_SiltLoam,C16_P0.5_T2_h2000_D30_N150_Ep1.2,ok,20,1980,1999,0.641,131.123,0.0,232.192,112.5,75,-1.127,355.664,8.099,112.463,89.481,343.5,33.358,60.499,0.57,,-0.0033,1.87,0.1761,-17.95,,False,E16,Silt Loam,6,0.5,-2000.0,,,,,,,,1.2,150.0,,,,,,,,,,C16,355.664,145.621,0.748411422016285,0.1802262809842998,True
E16_Edge_Cases,E16_S07_SiltLoam_C29_P0.5_T6_h2000_D30_N25_Ep0.3,S07_SiltLoam,C29_P0.5_T6_h2000_D30_N25_Ep0.3,ok,20,1980,1999,2.261,62.914,13.059,232.192,379.5,253,-1.182,626.496,63.964,114.969,364.459,57.24,174.863,0.164,0.596,,-0.0019,39.5,0.0029,-15.07,,False,E16,Silt Loam,6,0.5,-2000.0,,,,,,,,0.3,25.0,,,,,,,,,,C29,626.496,83.10399999999993,0.4182580575135356,0.3608961589539279,True
E16_Edge_Cases,E16_S08_SandyClayLoam_C13_P0.5_T2_h2000_D30_N25_Ep0.3,S08_SandyClayLoam,C13_P0.5_T2_h2000_D30_N25_Ep0.3,ok,20,1980,1999,2.425,48.104,1.209,232.192,61.5,41,2.763,293.803,38.782,76.786,113.528,57.24,133.732,1.488,3.944,,0.0094,42.37,0.026,-6.62,,False,E16,Sandy Clay Loam,7,0.5,-2000.0,,,,,,,,0.3,25.0,,,,,,,,,,C13,293.803,64.70700000000001,0.6135914201012242,0.8253829947277598,True
E16_Edge_Cases,E16_S09_ClayLoam_C09_P0.5_T2_h2000_D1.2_N25_Ep0.3,S09_ClayLoam,C09_P0.5_T2_h2000_D1.2_N25_Ep0.3,ok,20,1980,1999,2.206,44.266,3.469,232.192,134.64,2244,0.101,372.681,43.268,94.361,114.472,57.24,127.091,0.366,1.638,,0.0003,38.54,0.0064,-9.03,,False,E16,Clay Loam,8,0.5,-2000.0,,,,,,,,0.3,25.0,,,,,,,,,,C09,372.681,120.58000000000003,0.6928418674415922,0.5919271441259415,True
E16_Edge_Cases,E16_S09_ClayLoam_C14_P0.5_T2_h2000_D30_N25_Ep1.2,S09_ClayLoam,C14_P0.5_T2_h2000_D30_N25_Ep1.2,ok,20,1980,1999,1.464,102.627,0.624,232.192,196.5,131,-0.917,437.881,16.178,130.046,148.959,57.24,71.947,6.809,0.745,,-0.0021,25.57,0.119,1.49,,False,E16,Clay Loam,8,0.5,-2000.0,,,,,,,,1.2,25.0,,,,,,,,,,C14,437.881,142.69799999999998,0.6598185351727981,0.33433741130581146,True
E16_Edge_Cases,E16_S09_ClayLoam_C15_P0.5_T2_h2000_D30_N150_Ep0.3,S09_ClayLoam,C15_P0.5_T2_h2000_D30_N150_Ep0.3,ok,20,1980,1999,6.399,6.443,0.0,232.192,238.5,159,0.738,474.588,53.294,114.425,245.317,343.5,344.824,21.554,2.683,,0.0016,18.63,0.0627,1.5,,False,E16,Clay Loam,8,0.5,-2000.0,,,,,,,,0.3,150.0,,,,,,,,,,C15,474.588,61.55200000000002,0.48309481065682236,1.3483273913373284,True
E16_Edge_Cases,E16_S09_ClayLoam_C29_P0.5_T6_h2000_D30_N25_Ep0.3,S09_ClayLoam,C29_P0.5_T6_h2000_D30_N25_Ep0.3,ok,20,1980,1999,2.165,60.838,24.948,232.192,399.0,266,-0.818,643.852,66.467,112.695,381.51,57.24,146.256,0.118,0.543,,-0.0013,37.82,0.0021,-0.04,,False,E16,Clay Loam,8,0.5,-2000.0,,,,,,,,0.3,25.0,,,,,,,,,,C29,643.852,83.18,0.40745699322204476,0.33625740076912086,True
E16_Edge_Cases,E16_S10_SiltyClayLoam_C09_P0.5_T2_h2000_D1.2_N25_Ep0.3,S10_SiltyClayLoam,C09_P0.5_T2_h2000_D1.2_N25_Ep0.3,ok,20,1980,1999,2.107,44.977,7.816,232.192,152.76,2546,-0.374,392.662,47.695,98.569,118.997,57.24,120.329,0.196,1.379,,-0.001,36.81,0.0034,1.72,,False,E16,Silty Clay Loam,9,0.5,-2000.0,,,,,,,,0.3,25.0,,,,,,,,,,C09,392.662,127.40099999999997,0.6969480112666874,0.5365938135088193,True
E16_Edge_Cases,E16_S10_SiltyClayLoam_C13_P0.5_T2_h2000_D30_N25_Ep0.3,S10_SiltyClayLoam,C13_P0.5_T2_h2000_D30_N25_Ep0.3,ok,20,1980,1999,2.569,2.809,40.795,232.192,249.0,166,0.353,472.582,51.527,127.523,228.822,57.24,108.934,0.05,1.032,,0.0007,44.88,0.0009,2.43,,False,E16,Silty Clay Loam,9,0.5,-2000.0,,,,,,,,0.3,25.0,,,,,,,,,,C13,472.582,64.71000000000004,0.5158046645873098,0.5436093630311777,True
E16_Edge_Cases,E16_S10_SiltyClayLoam_C14_P0.5_T2_h2000_D30_N25_Ep1.2,S10_SiltyClayLoam,C14_P0.5_T2_h2000_D30_N25_Ep1.2,ok,20,1980,1999,2.034,74.604,3.371,232.192,304.5,203,-1.2,531.319,22.836,162.846,199.057,57.24,103.631,2.02,0.668,,-0.0022,35.53,0.0353,2.0,,False,E16,Silty Clay Loam,9,0.5,-2000.0,,,,,,,,1.2,25.0,,,,,,,,,,C14,531.319,146.57999999999996,0.6253531306051543,0.38282086656039027,True
E16_Edge_Cases,E16_S10_SiltyClayLoam_C15_P0.5_T2_h2000_D30_N150_Ep0.3,S10_SiltyClayLoam,C15_P0.5_T2_h2000_D30_N150_Ep0.3,ok,20,1980,1999,6.454,2.908,0.0,232.192,265.5,177,0.545,488.725,54.675,124.029,247.177,343.5,351.753,15.593,2.431,,0.0011,18.79,0.0454,2.0,,False,E16,Silty Clay Loam,9,0.5,-2000.0,,,,,,,,0.3,150.0,,,,,,,,,,C15,488.725,62.84400000000002,0.49424113765409994,1.3205790577523147,True
E16_Edge_Cases,E16_S10_SiltyClayLoam_C16_P0.5_T2_h2000_D30_N150_Ep1.2,S10_SiltyClayLoam,C16_P0.5_T2_h2000_D30_N150_Ep1.2,ok,20,1980,1999,2.471,74.809,0.0,232.192,306.0,204,-1.195,531.263,23.099,161.943,200.59,343.5,131.799,66.053,0.807,,-0.0022,7.19,0.1923,2.0,,False,E16,Silty Clay Loam,9,0.5,-2000.0,,,,,,,,1.2,150.0,,,,,,,,,,C16,531.263,145.631,0.6224280629368129,0.46511803005291164,True
E16_Edge_Cases,E16_S10_SiltyClayLoam_C29_P0.5_T6_h2000_D30_N25_Ep0.3,S10_SiltyClayLoam,C29_P0.5_T6_h2000_D30_N25_Ep0.3,ok,20,1980,1999,2.093,53.625,33.823,232.192,451.5,301,-0.958,681.292,70.571,129.522,396.172,57.24,134.216,0.058,0.464,,-0.0014,36.56,0.001,2.01,,False,E16,Silty Clay Loam,9,0.5,-2000.0,,,,,,,,0.3,25.0,,,,,,,,,,C29,681.292,85.02699999999999,0.4184989696048097,0.30721041785313785,True
E16_Edge_Cases,E16_S10_SiltyClayLoam_C35_P1.5_T2_h50_D1.2_N150_Ep0.3,S10_SiltyClayLoam,C35_P1.5_T2_h50_D1.2_N150_Ep0.3,ok,20,1980,1999,6.577,0.0,2.312,696.575,172.92,2882,282.023,550.042,95.67,117.519,199.39,343.5,333.274,0.3,3.803,,0.3244,19.15,0.0009,455.93,,False,E16,Silty Clay Loam,9,1.5,-50.0,,,,,,,,0.3,150.0,,,,,,,,,,C35,550.042,137.46300000000002,0.6375004090596719,1.195726871766156,True
E16_Edge_Cases,E16_S10_SiltyClayLoam_C45_P1.5_T2_h2000_D30_N25_Ep0.3,S10_SiltyClayLoam,C45_P1.5_T2_h2000_D30_N25_Ep0.3,ok,20,1980,1999,2.167,0.0,59.329,696.575,21.0,14,202.288,494.378,79.185,150.808,178.554,57.24,89.707,0.255,10.319,,0.2819,37.86,0.0044,109.93,,False,E16,Silty Clay Loam,9,1.5,-2000.0,,,,,,,,0.3,25.0,,,,,,,,,,C45,494.378,85.83099999999999,0.6388310159432661,0.43832856640060847,True
E16_Edge_Cases,E16_S10_SiltyClayLoam_C47_P1.5_T2_h2000_D30_N150_Ep0.3,S10_SiltyClayLoam,C47_P1.5_T2_h2000_D30_N150_Ep0.3,ok,20,1980,1999,6.512,0.0,2.042,696.575,30.0,20,184.742,526.298,95.249,141.154,208.695,343.5,340.783,5.333,21.707,,0.2543,18.96,0.0155,478.62,,False,E16,Silty Clay Loam,9,1.5,-2000.0,,,,,,,,0.3,150.0,,,,,,,,,,C47,526.298,81.19999999999999,0.6034660971540838,1.237321821477566,True
E16_Edge_Cases,E16_S10_SiltyClayLoam_C68_CoolWet_Drip5-10,S10_SiltyClayLoam,C68_CoolWet_Drip5-10,ok,20,1980,1999,6.349,0.241,5.281,696.575,168.72,1406,174.18,661.678,97.85,222.89,226.235,229.0,263.554,0.257,3.763,,0.2013,27.72,0.0011,10.92,,False,E16,Silty Clay Loam,9,,,,,,,,,,,,,,,,,,,,,C68,661.678,114.70299999999997,0.6580889798361136,0.9595301642188497,True
E16_Edge_Cases,E16_S10_SiltyClayLoam_C70_CoolWet_Drip50-60,S10_SiltyClayLoam,C70_CoolWet_Drip50-60,ok,20,1980,1999,6.343,0.232,5.703,696.575,191.4,1595,216.37,642.353,97.657,196.292,233.564,229.0,264.042,0.226,3.314,,0.2437,27.7,0.001,7410.03,,False,E16,Silty Clay Loam,9,,,,,,,,,,,,,,,,,,,,,C70,642.353,114.83999999999989,0.6363930735903778,0.9874632795363297,True
E16_Edge_Cases,E16_S10_SiltyClayLoam_C72_CoolWet_StrongMulch,S10_SiltyClayLoam,C72_CoolWet_StrongMulch,ok,20,1980,1999,6.096,0.0,11.337,696.575,137.16,1143,224.436,577.043,95.316,14.905,207.107,229.0,245.835,0.429,4.445,,0.2692,26.62,0.0019,110.55,,False,E16,Silty Clay Loam,9,,,,,,,,,,,,,,,,,,,,,C72,577.043,259.71500000000003,0.6410891389376528,1.0564204054117283,True
E16_Edge_Cases,E16_S10_SiltyClayLoam_C73_HotDry_Root30,S10_SiltyClayLoam,C73_HotDry_Root30,ok,20,1980,1999,0.718,135.602,0.0,232.192,434.64,3622,-2.271,674.445,59.502,147.399,148.868,229.0,158.711,55.093,0.165,,-0.0034,3.14,0.2406,-0.75,,False,E16,Silty Clay Loam,9,,,,,,,,,,,,,,,,,,,,,C73,674.445,318.6760000000001,0.7792733284404214,0.10645790242347411,True
E2_TriggerPressure,E2_S01_CoarseLoam_h10000,S01_CoarseLoam,h10000,ok,20,1980,1999,3.798,20.447,0.044,464.384,60.48,504,6.046,527.035,67.506,151.244,178.103,229.0,225.919,91.008,6.281,1.986,0.0115,16.59,0.3974,8.57,E0_S01_CoarseLoam_Rainfed,False,E2,Coarse Loam,0,,-10000.0,,,,,,,,,,,,,,,,,,,,527.035,130.18199999999996,0.6620660866925346,0.7206352519282402,True
E2_TriggerPressure,E2_S01_CoarseLoam_h5000,S01_CoarseLoam,h5000,ok,20,1980,1999,4.547,13.376,0.044,464.384,97.92,816,6.005,564.217,69.503,153.512,195.545,229.0,256.027,70.062,4.644,1.992,0.0107,19.86,0.3059,8.57,E0_S01_CoarseLoam_Rainfed,False,E2,Coarse Loam,0,,-5000.0,,,,,,,,,,,,,,,,,,,,564.217,145.657,0.6534223534562057,0.8058956039963348,True
E2_TriggerPressure,E2_S09_ClayLoam_h10000,S09_ClayLoam,h10000,ok,20,1980,1999,4.275,20.645,0.0,464.384,60.72,506,14.289,522.967,72.357,129.964,190.79,229.0,252.787,44.282,7.04,2.474,0.0272,18.67,0.1934,-0.11,E0_S09_ClayLoam_Rainfed,False,E2,Clay Loam,8,,-10000.0,,,,,,,,,,,,,,,,,,,,522.967,129.85600000000002,0.6351777454409169,0.8174511967294303,True
E2_TriggerPressure,E2_S10_SiltyClayLoam_h1000,S10_SiltyClayLoam,h1000,ok,20,1980,1999,6.425,1.262,0.135,464.384,190.32,1586,18.822,644.15,82.191,148.647,238.321,229.0,296.906,1.339,3.376,1.931,0.0287,28.06,0.0058,6.19,E0_S10_SiltyClayLoam_Rainfed,False,E2,Silty Clay Loam,9,,-1000.0,,,,,,,,,,,,,,,,,,,,644.15,174.99099999999996,0.6300225102848716,0.9974384848249631,True
E2_TriggerPressure,E2_S10_SiltyClayLoam_h10000,S10_SiltyClayLoam,h10000,ok,20,1980,1999,4.905,14.582,0.009,464.384,95.04,792,9.594,558.757,75.331,134.895,206.816,229.0,281.027,8.381,5.161,2.267,0.0171,21.42,0.0366,5.88,E0_S10_SiltyClayLoam_Rainfed,False,E2,Silty Clay Loam,9,,-10000.0,,,,,,,,,,,,,,,,,,,,558.757,141.71499999999995,0.6298641448787219,0.8778413514282596,True
E2_TriggerPressure,E2_S10_SiltyClayLoam_h1200,S10_SiltyClayLoam,h1200,ok,20,1980,1999,6.393,1.54,0.098,464.384,182.04,1517,17.101,638.858,81.731,146.811,237.867,229.0,297.402,1.342,3.512,2.001,0.0265,27.92,0.0059,6.17,E0_S10_SiltyClayLoam_Rainfed,False,E2,Silty Clay Loam,9,,-1200.0,,,,,,,,,,,,,,,,,,,,638.858,172.44899999999993,0.627668433360778,1.000691859536861,True
E2_TriggerPressure,E2_S10_SiltyClayLoam_h1500,S10_SiltyClayLoam,h1500,ok,20,1980,1999,6.318,2.09,0.088,464.384,175.08,1459,15.558,633.797,81.353,144.297,237.037,229.0,298.014,1.375,3.609,2.038,0.0243,27.59,0.006,66.34,E0_S10_SiltyClayLoam_Rainfed,False,E2,Silty Clay Loam,9,,-1500.0,,,,,,,,,,,,,,,,,,,,633.797,171.11000000000004,0.6260048564445714,0.9968491488599661,True
E2_TriggerPressure,E2_S10_SiltyClayLoam_h2000,S10_SiltyClayLoam,h2000,ok,20,1980,1999,6.163,3.243,0.076,464.384,163.08,1359,13.497,623.882,79.927,142.095,234.314,229.0,298.721,1.479,3.779,2.092,0.0215,26.91,0.0065,6.33,E0_S10_SiltyClayLoam_Rainfed,False,E2,Silty Clay Loam,9,,-2000.0,,,,,,,,,,,,,,,,,,,,623.882,167.5459999999999,0.6244257728224247,0.9878470608223991,True
E2_TriggerPressure,E2_S10_SiltyClayLoam_h3000,S10_SiltyClayLoam,h3000,ok,20,1980,1999,5.874,5.809,0.059,464.384,149.88,1249,12.289,611.717,78.288,141.146,228.421,229.0,295.628,1.95,3.919,2.084,0.02,25.65,0.0085,6.18,E0_S10_SiltyClayLoam_Rainfed,False,E2,Silty Clay Loam,9,,-3000.0,,,,,,,,,,,,,,,,,,,,611.717,163.86200000000002,0.6265904004629592,0.9602479577974782,True
E2_TriggerPressure,E2_S10_SiltyClayLoam_h5000,S10_SiltyClayLoam,h5000,ok,20,1980,1999,5.496,8.757,0.161,464.384,127.92,1066,10.814,590.837,77.049,138.189,221.165,229.0,293.366,3.001,4.296,2.146,0.0183,24.0,0.0131,6.51,E0_S10_SiltyClayLoam_Rainfed,False,E2,Silty Clay Loam,9,,-5000.0,,,,,,,,,,,,,,,,,,,,590.837,154.43400000000005,0.6256751015931636,0.9302057927990292,True
E3_SensorDepth,E3_S10_SiltyClayLoam_z80cm,S10_SiltyClayLoam,z80cm,ok,20,1980,1999,6.35,0.812,3.229,464.384,268.68,2239,50.938,688.848,83.843,145.398,236.789,229.0,266.144,0.121,2.363,1.34,0.0695,27.73,0.0005,6.28,E0_S10_SiltyClayLoam_Rainfed,False,E3,Silty Clay Loam,9,,,80.0,,,,,,,,,,,,,,,,,,,688.848,222.81799999999998,0.6562536292476715,0.9218289085545723,True
E3_SensorDepth,E3_S10_SiltyClayLoam_z85cm,S10_SiltyClayLoam,z85cm,ok,20,1980,1999,6.35,0.812,3.229,464.384,268.68,2239,50.938,688.848,83.843,145.398,236.789,229.0,266.144,0.121,2.363,1.34,0.0695,27.73,0.0005,6.28,E0_S10_SiltyClayLoam_Rainfed,False,E3,Silty Clay Loam,9,,,85.0,,,,,,,,,,,,,,,,,,,688.848,222.81799999999998,0.6562536292476715,0.9218289085545723,True
E3_SensorDepth,E3_S10_SiltyClayLoam_z90cm,S10_SiltyClayLoam,z90cm,ok,20,1980,1999,6.304,1.144,4.146,464.384,271.92,2266,57.291,688.875,83.547,143.8,233.579,229.0,261.519,0.078,2.318,1.307,0.0778,27.53,0.0003,1399.49,E0_S10_SiltyClayLoam_Rainfed,False,E3,Silty Clay Loam,9,,,90.0,,,,,,,,,,,,,,,,,,,688.875,227.94899999999996,0.6609268735256759,0.91511522409726,True
E3_SensorDepth,E3_S10_SiltyClayLoam_z95cm,S10_SiltyClayLoam,z95cm,ok,20,1980,1999,6.304,1.144,4.146,464.384,271.92,2266,57.291,688.875,83.547,143.8,233.579,229.0,261.519,0.078,2.318,1.307,0.0778,27.53,0.0003,1399.49,E0_S10_SiltyClayLoam_Rainfed,False,E3,Silty Clay Loam,9,,,95.0,,,,,,,,,,,,,,,,,,,688.875,227.94899999999996,0.6609268735256759,0.91511522409726,True
E4_Methods,E4_S10_SiltyClayLoam_M04_Drip10-20cm,S10_SiltyClayLoam,M04_Drip10-20cm,ok,20,1980,1999,6.459,0.352,2.051,464.384,213.72,1781,48.692,629.857,84.66,184.689,260.057,229.0,282.565,0.278,3.022,1.735,0.0718,28.21,0.0012,13.64,E0_S10_SiltyClayLoam_Rainfed,False,E4,Silty Clay Loam,9,,,,,,,,,,,,,,,,M04_Drip10-20cm,,,,,,629.857,100.45100000000002,0.5871173933130853,1.0254708608461922,True
E4_Methods,E4_S10_SiltyClayLoam_M05_Drip15-25cm,S10_SiltyClayLoam,M05_Drip15-25cm,ok,20,1980,1999,6.442,0.402,2.118,464.384,208.92,1741,49.11,624.635,84.52,178.945,260.692,229.0,281.943,0.234,3.083,1.767,0.0729,28.13,0.001,6.28,E0_S10_SiltyClayLoam_Rainfed,False,E4,Silty Clay Loam,9,,,,,,,,,,,,,,,,M05_Drip15-25cm,,,,,,624.635,100.47800000000001,0.5826490670551602,1.0313222922186556,True
E4_Methods,E4_S10_SiltyClayLoam_M06_Drip20-30cm,S10_SiltyClayLoam,M06_Drip20-30cm,ok,20,1980,1999,6.411,0.448,2.421,464.384,209.76,1748,53.127,621.164,84.148,175.203,261.028,229.0,280.666,0.145,3.056,1.745,0.0788,28.0,0.0006,6.28,E0_S10_SiltyClayLoam_Rainfed,False,E4,Silty Clay Loam,9,,,,,,,,,,,,,,,,M06_Drip20-30cm,,,,,,621.164,100.78499999999997,0.5797760333824884,1.0320945837170217,True
E4_Methods,E4_S10_SiltyClayLoam_M08_Drip30-40cm,S10_SiltyClayLoam,M08_Drip30-40cm,ok,20,1980,1999,6.382,0.471,2.723,464.384,221.04,1842,65.093,619.671,84.165,174.532,260.292,229.0,278.228,0.123,2.887,1.643,0.095,27.87,0.0005,63.27,E0_S10_SiltyClayLoam_Rainfed,False,E4,Silty Clay Loam,9,,,,,,,,,,,,,,,,M08_Drip30-40cm,,,,,,619.671,100.68200000000007,0.5799512967364941,1.0299013508781272,True
E6_Mediterranean_Pollution,E6_S01_CoarseLoam_N60_Deficit1000,S01_CoarseLoam,N60_Deficit1000,ok,11,1994,2004,5.097,0.511,28.185,780.773,80.945,371,78.884,750.607,98.626,225.896,331.43,142.364,263.982,13.125,6.297,0.881,0.0915,35.8,0.0922,8.81,E6_S01_CoarseLoam_Baseline_Rainfed_N100,False,E6,Coarse Loam,0,,,,,,,,,,,60.0,,,,,,,,,Deficit1000,,750.607,94.65500000000003,0.5584506939050662,0.6790504218585758,True
E6_Mediterranean_Pollution,E6_S01_CoarseLoam_N60_DripDeficit600,S01_CoarseLoam,N60_DripDeficit600,ok,11,1994,2004,5.053,0.391,27.888,780.773,73.527,337,86.442,728.732,98.709,225.361,342.285,142.364,264.402,13.526,6.872,0.91,0.1012,35.49,0.095,8.81,E6_S01_CoarseLoam_Baseline_Rainfed_N100,False,E6,Coarse Loam,0,,,,,,,,,,,60.0,,,,,,,,,DripDeficit600,,728.732,62.376999999999896,0.5303005768924652,0.6933962005236494,True
E6_Mediterranean_Pollution,E6_S01_CoarseLoam_N80_Deficit1000,S01_CoarseLoam,N80_Deficit1000,ok,11,1994,2004,5.349,0.524,15.729,780.773,81.818,375,78.663,751.788,99.905,223.859,333.82,189.818,315.176,19.153,6.537,1.179,0.0912,28.18,0.1009,8.81,E6_S01_CoarseLoam_Baseline_Rainfed_N100,False,E6,Coarse Loam,0,,,,,,,,,,,80.0,,,,,,,,,Deficit1000,,751.788,94.20400000000001,0.5559652455213437,0.7115037750003991,True
E6_Mediterranean_Pollution,E6_S01_CoarseLoam_N80_DripDeficit600,S01_CoarseLoam,N80_DripDeficit600,ok,11,1994,2004,5.353,0.42,15.401,780.773,74.618,342,86.305,730.211,99.922,223.808,344.472,189.818,314.976,20.349,7.174,1.299,0.1009,28.2,0.1072,8.81,E6_S01_CoarseLoam_Baseline_Rainfed_N100,False,E6,Coarse Loam,0,,,,,,,,,,,80.0,,,,,,,,,DripDeficit600,,730.211,62.009000000000015,0.5282569010874939,0.7330757822054172,True
E7_Mulching,E7_S10_SiltyClayLoam_vff0.1_cap0.5mm,S10_SiltyClayLoam,vff0.1_cap0.5mm,ok,20,1980,1999,6.215,0.0,7.623,464.384,181.08,1509,117.114,526.093,83.315,20.945,228.593,229.0,253.164,0.359,3.432,1.913,0.1814,27.14,0.0016,6.6,E0_S10_SiltyClayLoam_Rainfed,False,E7,Silty Clay Loam,9,,,,,,,0.1,0.5,,,,,,,,,,,,,,526.093,193.23999999999998,0.5654893716510199,1.181350065482719,True
E7_Mulching,E7_S10_SiltyClayLoam_vff0.1_cap1mm,S10_SiltyClayLoam,vff0.1_cap1mm,ok,20,1980,1999,6.222,0.0,7.294,464.384,187.92,1566,107.847,542.609,83.501,19.111,228.543,229.0,253.185,0.329,3.311,1.848,0.1653,27.17,0.0014,7.22,E0_S10_SiltyClayLoam_Rainfed,False,E7,Silty Clay Loam,9,,,,,,,0.1,1.0,,,,,,,,,,,,,,542.609,211.45400000000006,0.5788072073998036,1.1466820491366712,True
E7_Mulching,E7_S10_SiltyClayLoam_vff0.1_cap2mm,S10_SiltyClayLoam,vff0.1_cap2mm,ok,20,1980,1999,6.233,0.0,7.242,464.384,195.6,1630,95.285,563.764,83.171,16.669,226.923,229.0,253.814,0.337,3.187,1.781,0.1444,27.22,0.0015,27.87,E0_S10_SiltyClayLoam_Rainfed,False,E7,Silty Clay Loam,9,,,,,,,0.1,2.0,,,,,,,,,,,,,,563.764,237.00100000000003,0.5974858274029559,1.1056044727935803,True
