soil,y0,a_gain,b_mm
S01_CoarseLoam,2.597,6.213501154676357,261.0612768420891
S02_CoarseSand,1.633,22.61240940646265,2027.3595281932035
S03_Sand,1.132,13.768443332056632,819.8105958057474
S04_LoamySand,1.378,5.878762974905881,283.57709763566515
S05_SandyLoam,1.851,6.022662683070335,204.86174497142142
S06_Loam,2.615,5.5368305950403265,212.82703300793622
S07_SiltLoam,2.813,5.2694976648657645,216.98605267566717
S08_SandyClayLoam,2.384,5.638683669144216,204.02352963076004
S09_ClayLoam,2.773,5.608483748786357,232.00829675184187
S10_SiltyClayLoam,2.75,4.499579166215858,163.96191921721586
